district,url
Aberayron,http://www.ukbmd.org.uk/reg/districts/aberayron.html
Aberconwy,http://www.ukbmd.org.uk/reg/districts/aberconwy.html
Abergavenny,http://www.ukbmd.org.uk/reg/districts/abergavenny.html
Aberystwyth,http://www.ukbmd.org.uk/reg/districts/aberystwyth.html
Abingdon,http://www.ukbmd.org.uk/reg/districts/abingdon.html
Acle,http://www.ukbmd.org.uk/reg/districts/acle.html
Alcester,http://www.ukbmd.org.uk/reg/districts/alcester.html
Alderbury,http://www.ukbmd.org.uk/reg/districts/alderbury.html
Aldershot,http://www.ukbmd.org.uk/reg/districts/aldershot.html
Aldridge & Brownhills,http://www.ukbmd.org.uk/reg/districts/aldridge%20and%20brownhills.html
Aled,http://www.ukbmd.org.uk/reg/districts/aled.html
Alnwick,http://www.ukbmd.org.uk/reg/districts/alnwick.html
Alresford,http://www.ukbmd.org.uk/reg/districts/alresford.html
Alston,http://www.ukbmd.org.uk/reg/districts/alston.html
Alton (1837 onw),http://www.ukbmd.org.uk/reg/districts/alton.html
Altrincham,http://www.ukbmd.org.uk/reg/districts/altrincham.html
Alverstoke,http://www.ukbmd.org.uk/reg/districts/alverstoke.html
Alyn & Deeside,http://www.ukbmd.org.uk/reg/districts/alyn%20and%20deeside.html
Amber Valley,http://www.ukbmd.org.uk/reg/districts/amber%20valley.html
Amersham,http://www.ukbmd.org.uk/reg/districts/amersham.html
Amesbury,http://www.ukbmd.org.uk/reg/districts/amesbury.html
Amounderness,http://www.ukbmd.org.uk/reg/districts/amounderness.html
Ampthill,http://www.ukbmd.org.uk/reg/districts/ampthill.html
Andover,http://www.ukbmd.org.uk/reg/districts/andover.html
Anglesey (1837-1937),http://www.ukbmd.org.uk/reg/districts/anglesey.html
Anglesey (1968-1974),http://www.ukbmd.org.uk/reg/districts/anglesey.html
Anglesey East,http://www.ukbmd.org.uk/reg/districts/anglesey%20east.html
Anglesey West,http://www.ukbmd.org.uk/reg/districts/anglesey%20west.html
Appleby,http://www.ukbmd.org.uk/reg/districts/appleby.html
Ardudwy,http://www.ukbmd.org.uk/reg/districts/ardudwy.html
Ashbourne,http://www.ukbmd.org.uk/reg/districts/ashbourne.html
Ashby de la Zouch,http://www.ukbmd.org.uk/reg/districts/ashby-de-la-zouch.html
Ashford (1941-1998),http://www.ukbmd.org.uk/reg/districts/ashford.html
Ashford with Shepway,http://www.ukbmd.org.uk/reg/districts/ashford%20with%20shepway.html
Ashton & Oldham (1837-48),http://www.ukbmd.org.uk/reg/districts/ashton%20and%20oldham.html
Ashton (1937-74),http://www.ukbmd.org.uk/reg/districts/ashton.html
Ashton under Lyne (1848-1937),http://www.ukbmd.org.uk/reg/districts/ashton%20under%20lyne.html
Askrigg,http://www.ukbmd.org.uk/reg/districts/askrigg.html
Aston (1837-1924),http://www.ukbmd.org.uk/reg/districts/aston.html
Atcham,http://www.ukbmd.org.uk/reg/districts/atcham.html
Atherstone,http://www.ukbmd.org.uk/reg/districts/atherstone.html
Auckland,http://www.ukbmd.org.uk/reg/districts/auckland.html
Axbridge,http://www.ukbmd.org.uk/reg/districts/axbridge.html
Axminster,http://www.ukbmd.org.uk/reg/districts/axminster.html
Aylesbury,http://www.ukbmd.org.uk/reg/districts/aylesbury.html
Aylesbury Vale,http://www.ukbmd.org.uk/reg/districts/aylesbury%20vale.html
Aylsham,http://www.ukbmd.org.uk/reg/districts/aylsham.html
Aysgarth,http://www.ukbmd.org.uk/reg/districts/aysgarth.html
Bakewell (1839 onw),http://www.ukbmd.org.uk/reg/districts/bakewell.html
Bala,http://www.ukbmd.org.uk/reg/districts/bala.html
Banbury,http://www.ukbmd.org.uk/reg/districts/banbury.html
Bangor,http://www.ukbmd.org.uk/reg/districts/bangor.html
Barking & Dagenham,http://www.ukbmd.org.uk/reg/districts/barking%20and%20dagenham.html
Barking (1965-1980),http://www.ukbmd.org.uk/reg/districts/barking.html
Barkston Ash,http://www.ukbmd.org.uk/reg/districts/barkston%20ash.html
Barnet,http://www.ukbmd.org.uk/reg/districts/barnet.html
Barnsley,http://www.ukbmd.org.uk/reg/districts/barnsley.html
Barnstaple,http://www.ukbmd.org.uk/reg/districts/barnstaple.html
Barrow in Furness (1876 onw),http://www.ukbmd.org.uk/reg/districts/barrow-in-furness.html
Barrow upon Soar,http://www.ukbmd.org.uk/reg/districts/barrow%20upon%20soar.html
Barton (1934-1980),http://www.ukbmd.org.uk/reg/districts/barton.html
Barton Regis,http://www.ukbmd.org.uk/reg/districts/barton%20regis.html
Barton upon Irwell (1850-1934),http://www.ukbmd.org.uk/reg/districts/barton%20upon%20irwell.html
"Barton, Worsley & Flixton",http://www.ukbmd.org.uk/reg/districts/barton%20worsley%20and%20flixton.html
Basford,http://www.ukbmd.org.uk/reg/districts/basford.html
Basildon,http://www.ukbmd.org.uk/reg/districts/basildon.html
Basingstoke,http://www.ukbmd.org.uk/reg/districts/basingstoke.html
Bath,http://www.ukbmd.org.uk/reg/districts/bath.html
Bath & North East Somerset,http://www.ukbmd.org.uk/reg/districts/bath%20and%20north%20east%20somerset.html
Bathavon,http://www.ukbmd.org.uk/reg/districts/bathavon.html
Battersea (1930-1965),http://www.ukbmd.org.uk/reg/districts/battersea.html
Battle,http://www.ukbmd.org.uk/reg/districts/battle.html
Beaminster,http://www.ukbmd.org.uk/reg/districts/beaminster.html
Bedale,http://www.ukbmd.org.uk/reg/districts/bedale.html
Bedford,http://www.ukbmd.org.uk/reg/districts/bedford.html
Bedminster,http://www.ukbmd.org.uk/reg/districts/bedminster.html
Bedwellty,http://www.ukbmd.org.uk/reg/districts/bedwellty.html
Belford,http://www.ukbmd.org.uk/reg/districts/belford.html
Bellingham,http://www.ukbmd.org.uk/reg/districts/bellingham.html
Belper,http://www.ukbmd.org.uk/reg/districts/belper.html
Berkhampstead (1837-1939),http://www.ukbmd.org.uk/reg/districts/berkhampstead.html
Berkhamsted (1939-74),http://www.ukbmd.org.uk/reg/districts/berkhamsted.html
Bermondsey (1837-69),http://www.ukbmd.org.uk/reg/districts/bermondsey.html
Bermondsey (1934 onw),http://www.ukbmd.org.uk/reg/districts/bermondsey.html
Berwick,http://www.ukbmd.org.uk/reg/districts/berwick.html
Bethnal Green,http://www.ukbmd.org.uk/reg/districts/bethnal%20green.html
Beverley (1837-1937),http://www.ukbmd.org.uk/reg/districts/beverley.html
Beverley (1974 onw),http://www.ukbmd.org.uk/reg/districts/beverley.html
Bexley,http://www.ukbmd.org.uk/reg/districts/bexley.html
Bicester,http://www.ukbmd.org.uk/reg/districts/bicester.html
Bideford,http://www.ukbmd.org.uk/reg/districts/bideford.html
Biggleswade,http://www.ukbmd.org.uk/reg/districts/biggleswade.html
Billericay,http://www.ukbmd.org.uk/reg/districts/billericay.html
Billesdon,http://www.ukbmd.org.uk/reg/districts/billesdon.html
Bilston,http://www.ukbmd.org.uk/reg/districts/bilston.html
Bingham,http://www.ukbmd.org.uk/reg/districts/bingham.html
Birkenhead (1861-1998),http://www.ukbmd.org.uk/reg/districts/birkenhead.html
Birmingham (1837-1924),http://www.ukbmd.org.uk/reg/districts/birmingham.html
Birmingham (1932 onw),http://www.ukbmd.org.uk/reg/districts/birmingham.html
Birmingham North,http://www.ukbmd.org.uk/reg/districts/birmingham%20north.html
Birmingham South,http://www.ukbmd.org.uk/reg/districts/birmingham%20south.html
Bishops Stortford,http://www.ukbmd.org.uk/reg/districts/bishops%20stortford.html
Bishopsgate,http://www.ukbmd.org.uk/reg/districts/bishopsgate.html
Blaby,http://www.ukbmd.org.uk/reg/districts/blaby.html
Blackburn,http://www.ukbmd.org.uk/reg/districts/blackburn.html
Blackpool & Fylde,http://www.ukbmd.org.uk/reg/districts/blackpool%20and%20fylde.html
Blackpool (1936-1974),http://www.ukbmd.org.uk/reg/districts/blackpool.html
Blaenau Gwent,http://www.ukbmd.org.uk/reg/districts/blaenau%20gwent.html
Blandford,http://www.ukbmd.org.uk/reg/districts/blandford.html
Blean,http://www.ukbmd.org.uk/reg/districts/blean.html
Blofield,http://www.ukbmd.org.uk/reg/districts/blofield.html
Blyth,http://www.ukbmd.org.uk/reg/districts/blyth.html
Blything,http://www.ukbmd.org.uk/reg/districts/blything.html
Bodmin,http://www.ukbmd.org.uk/reg/districts/bodmin.html
Bolton,http://www.ukbmd.org.uk/reg/districts/bolton.html
Bootle Cul,http://www.ukbmd.org.uk/reg/districts/bootle1.html
Bootle Lan,http://www.ukbmd.org.uk/reg/districts/bootle2.html
Border,http://www.ukbmd.org.uk/reg/districts/border.html
Bosmere,http://www.ukbmd.org.uk/reg/districts/bosmere.html
Boston,http://www.ukbmd.org.uk/reg/districts/boston.html
Bourne & South Kesteven,http://www.ukbmd.org.uk/reg/districts/bourne%20and%20south%20kesteven.html
Bourne (1837-1933),http://www.ukbmd.org.uk/reg/districts/bourne.html
Bourne (1974 onw),http://www.ukbmd.org.uk/reg/districts/bourne.html
Bournemouth & Christchurch,http://www.ukbmd.org.uk/reg/districts/bournemouth%20and%20christchurch.html
Bournemouth (1932 onw),http://www.ukbmd.org.uk/reg/districts/bournemouth.html
Brackley,http://www.ukbmd.org.uk/reg/districts/brackley.html
Bracknell,http://www.ukbmd.org.uk/reg/districts/bracknell.html
Bradfield,http://www.ukbmd.org.uk/reg/districts/bradfield.html
Bradford,http://www.ukbmd.org.uk/reg/districts/bradford.html
Bradford upon Avon,http://www.ukbmd.org.uk/reg/districts/bradford%20on%20avon.html
Braintree,http://www.ukbmd.org.uk/reg/districts/braintree.html
Bramham (1862-69),http://www.ukbmd.org.uk/reg/districts/bramham.html
Bramley & Holbeck,http://www.ukbmd.org.uk/reg/districts/bramley%20and%20holbeck.html
Bramley (1863-1925),http://www.ukbmd.org.uk/reg/districts/bramley.html
Brampton,http://www.ukbmd.org.uk/reg/districts/brampton.html
Brecknock,http://www.ukbmd.org.uk/reg/districts/brecknock.html
Brent,http://www.ukbmd.org.uk/reg/districts/brent.html
Brentford,http://www.ukbmd.org.uk/reg/districts/brentford.html
Brentwood,http://www.ukbmd.org.uk/reg/districts/brentwood.html
Bridge,http://www.ukbmd.org.uk/reg/districts/bridge.html
Bridgend (1996 onw),http://www.ukbmd.org.uk/reg/districts/bridgend.html
Bridgend (to 1970),http://www.ukbmd.org.uk/reg/districts/bridgend.html
Bridgnorth,http://www.ukbmd.org.uk/reg/districts/bridgnorth.html
Bridgwater,http://www.ukbmd.org.uk/reg/districts/bridgwater.html
Bridlington (1837-1937),http://www.ukbmd.org.uk/reg/districts/bridlington.html
Bridlington (1974 onw),http://www.ukbmd.org.uk/reg/districts/bridlington.html
Bridport (1959 to 1997),http://www.ukbmd.org.uk/reg/districts/bridport.html
Bridport (to 1958),http://www.ukbmd.org.uk/reg/districts/bridport.html
Brighton,http://www.ukbmd.org.uk/reg/districts/brighton.html
Bristol,http://www.ukbmd.org.uk/reg/districts/bristol.html
Brixworth,http://www.ukbmd.org.uk/reg/districts/brixworth.html
Bromley,http://www.ukbmd.org.uk/reg/districts/bromley.html
Bromsgrove,http://www.ukbmd.org.uk/reg/districts/bromsgrove.html
Bromyard,http://www.ukbmd.org.uk/reg/districts/bromyard.html
Broxbourne,http://www.ukbmd.org.uk/reg/districts/broxbourne.html
Buckingham,http://www.ukbmd.org.uk/reg/districts/buckingham.html
Bucklow,http://www.ukbmd.org.uk/reg/districts/bucklow.html
Buckrose,http://www.ukbmd.org.uk/reg/districts/buckrose.html
Builth,http://www.ukbmd.org.uk/reg/districts/builth.html
Bullingdon,http://www.ukbmd.org.uk/reg/districts/bullingdon.html
Bulmer,http://www.ukbmd.org.uk/reg/districts/bulmer.html
Buntingford (1837 only),http://www.ukbmd.org.uk/reg/districts/buntingford.html
Burnley,http://www.ukbmd.org.uk/reg/districts/burnley.html
Burnley & Pendle,http://www.ukbmd.org.uk/reg/districts/burnley%20and%20pendle.html
Burton upon Trent,http://www.ukbmd.org.uk/reg/districts/burton%20upon%20trent.html
Bury,http://www.ukbmd.org.uk/reg/districts/bury.html
Bury St Edmunds,http://www.ukbmd.org.uk/reg/districts/bury%20st%20edmunds.html
Caerleon,http://www.ukbmd.org.uk/reg/districts/caerleon.html
Caernarfon (1974 onw),http://www.ukbmd.org.uk/reg/districts/caernarfon.html
Caernarvon (1937-1974),http://www.ukbmd.org.uk/reg/districts/caernarvon.html
Caerphilly,http://www.ukbmd.org.uk/reg/districts/caerphilly.html
Caistor,http://www.ukbmd.org.uk/reg/districts/caistor.html
Calder,http://www.ukbmd.org.uk/reg/districts/calder.html
Calne,http://www.ukbmd.org.uk/reg/districts/calne.html
Camberwell,http://www.ukbmd.org.uk/reg/districts/camberwell.html
Camborne-Redruth,http://www.ukbmd.org.uk/reg/districts/camborne-redruth.html
Cambridge (1837-1935),http://www.ukbmd.org.uk/reg/districts/cambridge.html
Cambridge (1974 onw),http://www.ukbmd.org.uk/reg/districts/cambridge.html
Cambridgeshire (1935-1974),http://www.ukbmd.org.uk/reg/districts/cambridgeshire.html
Camden,http://www.ukbmd.org.uk/reg/districts/camden.html
Camelford,http://www.ukbmd.org.uk/reg/districts/camelford.html
Cannock,http://www.ukbmd.org.uk/reg/districts/cannock.html
Cannock Chase,http://www.ukbmd.org.uk/reg/districts/cannock%20chase.html
Canterbury,http://www.ukbmd.org.uk/reg/districts/canterbury.html
Cardiff (1837-1974),http://www.ukbmd.org.uk/reg/districts/cardiff.html
Cardiff (1996 onw),http://www.ukbmd.org.uk/reg/districts/cardiff.html
Cardigan,http://www.ukbmd.org.uk/reg/districts/cardigan.html
Cardiganshire Central,http://www.ukbmd.org.uk/reg/districts/cardiganshire%20central.html
Cardiganshire North,http://www.ukbmd.org.uk/reg/districts/cardiganshire%20north.html
Cardiganshire South,http://www.ukbmd.org.uk/reg/districts/cardiganshire%20south.html
Carlisle,http://www.ukbmd.org.uk/reg/districts/carlisle.html
Carmarthen,http://www.ukbmd.org.uk/reg/districts/carmarthen.html
Carnarvon,http://www.ukbmd.org.uk/reg/districts/carnarvon.html
Castle Ward,http://www.ukbmd.org.uk/reg/districts/castle%20ward.html
Castleford,http://www.ukbmd.org.uk/reg/districts/castleford.html
Catherington,http://www.ukbmd.org.uk/reg/districts/catherington.html
Caxton,http://www.ukbmd.org.uk/reg/districts/caxton.html
Central Cleveland,http://www.ukbmd.org.uk/reg/districts/central%20cleveland.html
Cerne,http://www.ukbmd.org.uk/reg/districts/cerne.html
Chailey,http://www.ukbmd.org.uk/reg/districts/chailey.html
Chanctonbury,http://www.ukbmd.org.uk/reg/districts/chanctonbury.html
Chapel en le Frith,http://www.ukbmd.org.uk/reg/districts/chapel-en-le-frith.html
Chard,http://www.ukbmd.org.uk/reg/districts/chard.html
Chatham,http://www.ukbmd.org.uk/reg/districts/chatham.html
Cheadle,http://www.ukbmd.org.uk/reg/districts/cheadle.html
Chelmsford,http://www.ukbmd.org.uk/reg/districts/chelmsford.html
Chelsea (1837 only),http://www.ukbmd.org.uk/reg/districts/chelsea.html
Chelsea (1841-1981),http://www.ukbmd.org.uk/reg/districts/chelsea.html
Cheltenham,http://www.ukbmd.org.uk/reg/districts/cheltenham.html
Chepstow,http://www.ukbmd.org.uk/reg/districts/chepstow.html
Chertsey,http://www.ukbmd.org.uk/reg/districts/chertsey.html
Cheshire East,http://www.ukbmd.org.uk/reg/districts/cheshire%20east.html
Chester,http://www.ukbmd.org.uk/reg/districts/chester.html
Chester & Ellesmere Port,http://www.ukbmd.org.uk/reg/districts/chester%20and%20ellesmere%20port.html
Chester le Street,http://www.ukbmd.org.uk/reg/districts/chester-le-street.html
Chesterfield,http://www.ukbmd.org.uk/reg/districts/chesterfield.html
Chesterton,http://www.ukbmd.org.uk/reg/districts/chesterton.html
Chichester,http://www.ukbmd.org.uk/reg/districts/chichester.html
Chiltern & Beaconsfield,http://www.ukbmd.org.uk/reg/districts/chiltern%20and%20beaconsfield.html
Chiltern & South Bucks,http://www.ukbmd.org.uk/reg/districts/chiltern%20and%20south%20bucks.html
Chippenham,http://www.ukbmd.org.uk/reg/districts/chippenham.html
Chipping Norton,http://www.ukbmd.org.uk/reg/districts/chipping%20norton.html
Chipping Sodbury,http://www.ukbmd.org.uk/reg/districts/chipping%20sodbury.html
Chorley,http://www.ukbmd.org.uk/reg/districts/chorley.html
Chorlton,http://www.ukbmd.org.uk/reg/districts/chorlton.html
Christchurch (1837-1925),http://www.ukbmd.org.uk/reg/districts/christchurch.html
Christchurch (1932-1974),http://www.ukbmd.org.uk/reg/districts/christchurch.html
Church Stretton,http://www.ukbmd.org.uk/reg/districts/church%20stretton.html
Cirencester,http://www.ukbmd.org.uk/reg/districts/cirencester.html
City of Westminster,http://www.ukbmd.org.uk/reg/districts/city%20of%20westminster.html
Claro,http://www.ukbmd.org.uk/reg/districts/claro.html
Cleethorpes,http://www.ukbmd.org.uk/reg/districts/cleethorpes.html
Cleobury Mortimer,http://www.ukbmd.org.uk/reg/districts/cleobury%20mortimer.html
Clerkenwell,http://www.ukbmd.org.uk/reg/districts/clerkenwell.html
Cleveland,http://www.ukbmd.org.uk/reg/districts/cleveland.html
Clifton,http://www.ukbmd.org.uk/reg/districts/clifton.html
Clitheroe,http://www.ukbmd.org.uk/reg/districts/clitheroe.html
Clun,http://www.ukbmd.org.uk/reg/districts/clun.html
Clutton,http://www.ukbmd.org.uk/reg/districts/clutton.html
Coalville,http://www.ukbmd.org.uk/reg/districts/coalville.html
Cockermouth,http://www.ukbmd.org.uk/reg/districts/cockermouth.html
Colchester,http://www.ukbmd.org.uk/reg/districts/colchester.html
Colwyn,http://www.ukbmd.org.uk/reg/districts/colwyn.html
Congleton,http://www.ukbmd.org.uk/reg/districts/congleton.html
Congleton & Crewe,http://www.ukbmd.org.uk/reg/districts/congleton%20and%20crewe.html
Conway (to 1937),http://www.ukbmd.org.uk/reg/districts/conway.html
Conway Valley,http://www.ukbmd.org.uk/reg/districts/conway%20valley.html
Cookham,http://www.ukbmd.org.uk/reg/districts/cookham.html
Corby,http://www.ukbmd.org.uk/reg/districts/corby.html
Corwen,http://www.ukbmd.org.uk/reg/districts/corwen.html
Cosford,http://www.ukbmd.org.uk/reg/districts/cosford.html
Coventry,http://www.ukbmd.org.uk/reg/districts/coventry.html
Cranbrook,http://www.ukbmd.org.uk/reg/districts/cranbrook.html
Crawley,http://www.ukbmd.org.uk/reg/districts/crawley.html
Crediton,http://www.ukbmd.org.uk/reg/districts/crediton.html
Crewe (1937-1974),http://www.ukbmd.org.uk/reg/districts/crewe.html
Crickhowell,http://www.ukbmd.org.uk/reg/districts/crickhowell.html
Cricklade,http://www.ukbmd.org.uk/reg/districts/cricklade.html
Crosby (1934-1980),http://www.ukbmd.org.uk/reg/districts/crosby.html
Croydon,http://www.ukbmd.org.uk/reg/districts/croydon.html
Cuckfield,http://www.ukbmd.org.uk/reg/districts/cuckfield.html
Dacorum,http://www.ukbmd.org.uk/reg/districts/dacorum.html
Darlington,http://www.ukbmd.org.uk/reg/districts/darlington.html
Dartford,http://www.ukbmd.org.uk/reg/districts/dartford.html
Darwen,http://www.ukbmd.org.uk/reg/districts/darwen.html
Daventry,http://www.ukbmd.org.uk/reg/districts/daventry.html
De Meirionydd,http://www.ukbmd.org.uk/reg/districts/de%20meirionydd.html
Deben,http://www.ukbmd.org.uk/reg/districts/deben.html
Delyn,http://www.ukbmd.org.uk/reg/districts/delyn.html
Denbighshire North,http://www.ukbmd.org.uk/reg/districts/denbighshire%20north.html
Denbighshire South,http://www.ukbmd.org.uk/reg/districts/denbighshire%20south.html
Deptford,http://www.ukbmd.org.uk/reg/districts/deptford.html
Depwade,http://www.ukbmd.org.uk/reg/districts/depwade.html
Derby,http://www.ukbmd.org.uk/reg/districts/derby.html
Devizes,http://www.ukbmd.org.uk/reg/districts/devizes.html
Devon Central,http://www.ukbmd.org.uk/reg/districts/devon%20central.html
Devonport,http://www.ukbmd.org.uk/reg/districts/devonport.html
Dewsbury,http://www.ukbmd.org.uk/reg/districts/dewsbury.html
Docking,http://www.ukbmd.org.uk/reg/districts/docking.html
Dolgelly,http://www.ukbmd.org.uk/reg/districts/dolgelly.html
Don Valley,http://www.ukbmd.org.uk/reg/districts/don%20valley.html
Doncaster,http://www.ukbmd.org.uk/reg/districts/doncaster.html
Dorchester,http://www.ukbmd.org.uk/reg/districts/dorchester.html
Dorking,http://www.ukbmd.org.uk/reg/districts/dorking.html
Dover,http://www.ukbmd.org.uk/reg/districts/dover.html
Downham,http://www.ukbmd.org.uk/reg/districts/downham.html
Driffield,http://www.ukbmd.org.uk/reg/districts/driffield.html
Droitwich,http://www.ukbmd.org.uk/reg/districts/droitwich.html
Droxford,http://www.ukbmd.org.uk/reg/districts/droxford.html
Dudley (1913-35),http://www.ukbmd.org.uk/reg/districts/dudley.html
Dudley (1935-66),http://www.ukbmd.org.uk/reg/districts/dudley.html
Dudley (1966 onw),http://www.ukbmd.org.uk/reg/districts/dudley.html
Dudley (to 1912),http://www.ukbmd.org.uk/reg/districts/dudley.html
Dulverton (1837 only),http://www.ukbmd.org.uk/reg/districts/dulverton.html
Dulverton (1855-1936),http://www.ukbmd.org.uk/reg/districts/dulverton.html
Dunmow,http://www.ukbmd.org.uk/reg/districts/dunmow.html
Dunstable (1964-1999),http://www.ukbmd.org.uk/reg/districts/dunstable.html
Durham (1837-1938),http://www.ukbmd.org.uk/reg/districts/durham.html
Durham Central & South Eastern,http://www.ukbmd.org.uk/reg/districts/durham%20central%20and%20south%20eastern.html
Durham Central (1938-1971),http://www.ukbmd.org.uk/reg/districts/durham%20central.html
Durham Central (1974 onw),http://www.ukbmd.org.uk/reg/districts/durham%20central.html
Durham Eastern,http://www.ukbmd.org.uk/reg/districts/durham%20eastern.html
Durham North Eastern,http://www.ukbmd.org.uk/reg/districts/durham%20north%20eastern.html
Durham North Western,http://www.ukbmd.org.uk/reg/districts/durham%20north%20western.html
Durham Northern,http://www.ukbmd.org.uk/reg/districts/durham%20northern.html
Durham South Eastern,http://www.ukbmd.org.uk/reg/districts/durham%20south%20eastern.html
Durham South Western,http://www.ukbmd.org.uk/reg/districts/durham%20south%20western.html
Durham Western,http://www.ukbmd.org.uk/reg/districts/durham%20western.html
Dursley,http://www.ukbmd.org.uk/reg/districts/dursley.html
Dwyfor,http://www.ukbmd.org.uk/reg/districts/dwyfor.html
Dyffryn Conwy,http://www.ukbmd.org.uk/reg/districts/dyffryn%20conwy.html
Ealing,http://www.ukbmd.org.uk/reg/districts/ealing.html
Easington,http://www.ukbmd.org.uk/reg/districts/easington.html
Easingwold,http://www.ukbmd.org.uk/reg/districts/easingwold.html
East Ashford,http://www.ukbmd.org.uk/reg/districts/east%20ashford.html
East Cleveland,http://www.ukbmd.org.uk/reg/districts/east%20cleveland.html
East Dereham,http://www.ukbmd.org.uk/reg/districts/east%20dereham.html
East Dorset,http://www.ukbmd.org.uk/reg/districts/east%20dorset.html
East Elloe,http://www.ukbmd.org.uk/reg/districts/east%20elloe.html
East Glamorgan,http://www.ukbmd.org.uk/reg/districts/east%20glamorgan.html
East Grinstead,http://www.ukbmd.org.uk/reg/districts/east%20grinstead.html
East Ham,http://www.ukbmd.org.uk/reg/districts/east%20ham.html
East London,http://www.ukbmd.org.uk/reg/districts/east%20london.html
East Preston,http://www.ukbmd.org.uk/reg/districts/east%20preston.html
East Retford,http://www.ukbmd.org.uk/reg/districts/east%20retford.html
East Staffordshire,http://www.ukbmd.org.uk/reg/districts/east%20staffordshire.html
East Stonehouse,http://www.ukbmd.org.uk/reg/districts/east%20stonehouse.html
East Ward,http://www.ukbmd.org.uk/reg/districts/east%20ward.html
Eastbourne,http://www.ukbmd.org.uk/reg/districts/eastbourne.html
Easthampstead (1837-1937),http://www.ukbmd.org.uk/reg/districts/easthampstead.html
Easthampstead (1967-74),http://www.ukbmd.org.uk/reg/districts/easthampstead.html
Eastleigh,http://www.ukbmd.org.uk/reg/districts/eastleigh.html
Eastry,http://www.ukbmd.org.uk/reg/districts/eastry.html
Ecclesall Bierlow,http://www.ukbmd.org.uk/reg/districts/ecclesall%20bierlow.html
Ecclesfield (to 1850),http://www.ukbmd.org.uk/reg/districts/ecclesfield.html
Edmonton,http://www.ukbmd.org.uk/reg/districts/edmonton.html
Elham,http://www.ukbmd.org.uk/reg/districts/elham.html
Ellesmere,http://www.ukbmd.org.uk/reg/districts/ellesmere.html
Elstree & Potters Bar,http://www.ukbmd.org.uk/reg/districts/elstree%20and%20potters%20bar.html
Ely,http://www.ukbmd.org.uk/reg/districts/ely.html
Enfield,http://www.ukbmd.org.uk/reg/districts/enfield.html
Epping,http://www.ukbmd.org.uk/reg/districts/epping.html
Epping Forest,http://www.ukbmd.org.uk/reg/districts/epping%20forest.html
Epsom,http://www.ukbmd.org.uk/reg/districts/epsom.html
Erewash,http://www.ukbmd.org.uk/reg/districts/erewash.html
Erpingham,http://www.ukbmd.org.uk/reg/districts/erpingham.html
Essex South Western,http://www.ukbmd.org.uk/reg/districts/essex%20south%20western.html
Eton,http://www.ukbmd.org.uk/reg/districts/eton.html
Evesham,http://www.ukbmd.org.uk/reg/districts/evesham.html
Ewecross,http://www.ukbmd.org.uk/reg/districts/ewecross.html
Exeter,http://www.ukbmd.org.uk/reg/districts/exeter.html
Exmoor,http://www.ukbmd.org.uk/reg/districts/exmoor.html
Fakenham,http://www.ukbmd.org.uk/reg/districts/fakenham.html
Falmouth,http://www.ukbmd.org.uk/reg/districts/falmouth.html
Fareham,http://www.ukbmd.org.uk/reg/districts/fareham.html
Faringdon,http://www.ukbmd.org.uk/reg/districts/faringdon.html
Farnborough (1847-69),http://www.ukbmd.org.uk/reg/districts/farnborough.html
Farnham,http://www.ukbmd.org.uk/reg/districts/farnham.html
Farnworth (1935-1974),http://www.ukbmd.org.uk/reg/districts/farnworth.html
Farringdon (1837-8),http://www.ukbmd.org.uk/reg/districts/farringdon.html
Faversham,http://www.ukbmd.org.uk/reg/districts/faversham.html
Fenland,http://www.ukbmd.org.uk/reg/districts/fenland.html
Ffestiniog,http://www.ukbmd.org.uk/reg/districts/ffestiniog.html
Finsbury (see Holborn before 1930),http://www.ukbmd.org.uk/reg/districts/finsbury.html
Fleetwood,http://www.ukbmd.org.uk/reg/districts/fleetwood.html
Flegg,http://www.ukbmd.org.uk/reg/districts/flegg.html
Flintshire East,http://www.ukbmd.org.uk/reg/districts/flintshire%20east.html
Flintshire West,http://www.ukbmd.org.uk/reg/districts/flintshire%20west.html
Foleshill,http://www.ukbmd.org.uk/reg/districts/foleshill.html
Folkestone (1941-1974),http://www.ukbmd.org.uk/reg/districts/folkestone.html
Forden,http://www.ukbmd.org.uk/reg/districts/forden.html
Fordingbridge,http://www.ukbmd.org.uk/reg/districts/fordingbridge.html
Forehoe,http://www.ukbmd.org.uk/reg/districts/forehoe.html
Forest of Dean,http://www.ukbmd.org.uk/reg/districts/forest%20of%20dean.html
Freebridge Lynn,http://www.ukbmd.org.uk/reg/districts/freebridge%20lynn.html
Frome,http://www.ukbmd.org.uk/reg/districts/frome.html
Fulham,http://www.ukbmd.org.uk/reg/districts/fulham.html
Fylde,http://www.ukbmd.org.uk/reg/districts/fylde.html
Gainsborough,http://www.ukbmd.org.uk/reg/districts/gainsborough.html
Garstang,http://www.ukbmd.org.uk/reg/districts/garstang.html
Gateshead,http://www.ukbmd.org.uk/reg/districts/gateshead.html
Gipping,http://www.ukbmd.org.uk/reg/districts/gipping.html
Gipping & Hartismere,http://www.ukbmd.org.uk/reg/districts/gipping%20and%20hartismere.html
Glanford Brigg,http://www.ukbmd.org.uk/reg/districts/glanford%20brigg.html
Glendale,http://www.ukbmd.org.uk/reg/districts/glendale.html
Glossop,http://www.ukbmd.org.uk/reg/districts/glossop.html
Gloucester (1837-1937),http://www.ukbmd.org.uk/reg/districts/gloucester.html
Gloucester (1974 onw),http://www.ukbmd.org.uk/reg/districts/gloucester.html
Gloucester City,http://www.ukbmd.org.uk/reg/districts/gloucester%20city.html
Gloucester Rural,http://www.ukbmd.org.uk/reg/districts/gloucester%20rural.html
Glyndwr,http://www.ukbmd.org.uk/reg/districts/glyndwr.html
Godstone,http://www.ukbmd.org.uk/reg/districts/godstone.html
Goole,http://www.ukbmd.org.uk/reg/districts/goole.html
Gosport,http://www.ukbmd.org.uk/reg/districts/gosport.html
Gower,http://www.ukbmd.org.uk/reg/districts/gower.html
Grantham & West Kesteven,http://www.ukbmd.org.uk/reg/districts/grantham%20and%20west%20kesteven.html
Grantham (1837-1933),http://www.ukbmd.org.uk/reg/districts/grantham.html
Grantham (1974 onw),http://www.ukbmd.org.uk/reg/districts/grantham.html
Gravesend (1837-1941),http://www.ukbmd.org.uk/reg/districts/gravesend.html
Gravesend (1980 onw),http://www.ukbmd.org.uk/reg/districts/gravesend.html
Great Boughton,http://www.ukbmd.org.uk/reg/districts/great%20boughton.html
Great Ouseburn,http://www.ukbmd.org.uk/reg/districts/great%20ouseburn.html
Great Yarmouth (1939 onw),http://www.ukbmd.org.uk/reg/districts/great%20yarmouth.html
Greenwich,http://www.ukbmd.org.uk/reg/districts/greenwich.html
Grimsby,http://www.ukbmd.org.uk/reg/districts/grimsby.html
Guildford,http://www.ukbmd.org.uk/reg/districts/guildford.html
Guiltcross,http://www.ukbmd.org.uk/reg/districts/guiltcross.html
Guisborough,http://www.ukbmd.org.uk/reg/districts/guisborough.html
Hackney,http://www.ukbmd.org.uk/reg/districts/hackney.html
Hailsham,http://www.ukbmd.org.uk/reg/districts/hailsham.html
Halifax,http://www.ukbmd.org.uk/reg/districts/halifax.html
Halstead,http://www.ukbmd.org.uk/reg/districts/halstead.html
Halton,http://www.ukbmd.org.uk/reg/districts/halton.html
Haltwhistle,http://www.ukbmd.org.uk/reg/districts/haltwhistle.html
Hambledon,http://www.ukbmd.org.uk/reg/districts/hambledon.html
Hammersmith,http://www.ukbmd.org.uk/reg/districts/hammersmith.html
Hampstead,http://www.ukbmd.org.uk/reg/districts/hampstead.html
Hardingstone,http://www.ukbmd.org.uk/reg/districts/hardingstone.html
Haringey,http://www.ukbmd.org.uk/reg/districts/haringey.html
Harlow,http://www.ukbmd.org.uk/reg/districts/harlow.html
Harrow (1947 onw),http://www.ukbmd.org.uk/reg/districts/harrow.html
Hartismere,http://www.ukbmd.org.uk/reg/districts/hartismere.html
Hartlepool (1859-1938),http://www.ukbmd.org.uk/reg/districts/hartlepool.html
Hartlepool (1967-74),http://www.ukbmd.org.uk/reg/districts/hartlepool.html
Hartlepool (1996 onw),http://www.ukbmd.org.uk/reg/districts/hartlepool.html
Hartley Wintney,http://www.ukbmd.org.uk/reg/districts/hartley%20wintney.html
Harwich,http://www.ukbmd.org.uk/reg/districts/harwich.html
Haslingden,http://www.ukbmd.org.uk/reg/districts/haslingden.html
Hastings & Rother,http://www.ukbmd.org.uk/reg/districts/hastings%20and%20rother.html
Hastings (1837-1977),http://www.ukbmd.org.uk/reg/districts/hastings.html
Hatfield,http://www.ukbmd.org.uk/reg/districts/hatfield.html
Havant,http://www.ukbmd.org.uk/reg/districts/havant.html
Haverfordwest,http://www.ukbmd.org.uk/reg/districts/haverfordwest.html
Havering,http://www.ukbmd.org.uk/reg/districts/havering.html
Hawarden,http://www.ukbmd.org.uk/reg/districts/hawarden.html
Hay,http://www.ukbmd.org.uk/reg/districts/hay.html
Hayfield,http://www.ukbmd.org.uk/reg/districts/hayfield.html
Haywards Heath,http://www.ukbmd.org.uk/reg/districts/haywards%20heath.html
Headington,http://www.ukbmd.org.uk/reg/districts/headington.html
Helmsley,http://www.ukbmd.org.uk/reg/districts/helmsley.html
Helston,http://www.ukbmd.org.uk/reg/districts/helston.html
Hemel Hempstead,http://www.ukbmd.org.uk/reg/districts/hemel%20hempstead.html
Hemsworth,http://www.ukbmd.org.uk/reg/districts/hemsworth.html
Hendon (1837-1947),http://www.ukbmd.org.uk/reg/districts/hendon.html
Hendon (1947-1999),http://www.ukbmd.org.uk/reg/districts/hendon.html
Henley,http://www.ukbmd.org.uk/reg/districts/henley.html
Henstead,http://www.ukbmd.org.uk/reg/districts/henstead.html
Hereford,http://www.ukbmd.org.uk/reg/districts/hereford.html
Hertford,http://www.ukbmd.org.uk/reg/districts/hertford.html
Hertford & Ware,http://www.ukbmd.org.uk/reg/districts/hertford%20and%20ware.html
Hexham,http://www.ukbmd.org.uk/reg/districts/hexham.html
Heywood,http://www.ukbmd.org.uk/reg/districts/heywood.html
High Peak (1837 only),http://www.ukbmd.org.uk/reg/districts/high%20peak.html
High Peak (1974 onw),http://www.ukbmd.org.uk/reg/districts/high%20peak.html
Highworth,http://www.ukbmd.org.uk/reg/districts/highworth.html
Hillingdon (1965 onw),http://www.ukbmd.org.uk/reg/districts/hillingdon.html
Hinckley,http://www.ukbmd.org.uk/reg/districts/hinckley.html
Hiraethog,http://www.ukbmd.org.uk/reg/districts/hiraethog.html
Hitchin,http://www.ukbmd.org.uk/reg/districts/hitchin.html
Hitchin & Stevenage,http://www.ukbmd.org.uk/reg/districts/hitchin%20and%20stevenage.html
Holbeach,http://www.ukbmd.org.uk/reg/districts/holbeach.html
Holbeck,http://www.ukbmd.org.uk/reg/districts/holbeck.html
Holborn,http://www.ukbmd.org.uk/reg/districts/holborn.html
Holderness,http://www.ukbmd.org.uk/reg/districts/holderness.html
Hollingbourne,http://www.ukbmd.org.uk/reg/districts/hollingbourne.html
Holsworthy,http://www.ukbmd.org.uk/reg/districts/holsworthy.html
Holyhead,http://www.ukbmd.org.uk/reg/districts/holyhead.html
Holywell,http://www.ukbmd.org.uk/reg/districts/holywell.html
Honiton,http://www.ukbmd.org.uk/reg/districts/honiton.html
Hoo,http://www.ukbmd.org.uk/reg/districts/hoo.html
Horncastle,http://www.ukbmd.org.uk/reg/districts/horncastle.html
Horsham,http://www.ukbmd.org.uk/reg/districts/horsham.html
Horwich,http://www.ukbmd.org.uk/reg/districts/horwich.html
Houghton le Spring,http://www.ukbmd.org.uk/reg/districts/houghton-le-spring.html
Hounslow,http://www.ukbmd.org.uk/reg/districts/hounslow.html
Hove (1935-1998),http://www.ukbmd.org.uk/reg/districts/hove.html
Howden (1837-1937),http://www.ukbmd.org.uk/reg/districts/howden.html
Howdenshire (1937-1974),http://www.ukbmd.org.uk/reg/districts/howdenshire.html
Hoxne,http://www.ukbmd.org.uk/reg/districts/hoxne.html
Huddersfield,http://www.ukbmd.org.uk/reg/districts/huddersfield.html
Hull,http://www.ukbmd.org.uk/reg/districts/hull.html
Hungerford,http://www.ukbmd.org.uk/reg/districts/hungerford.html
Hunslet (1845-1929),http://www.ukbmd.org.uk/reg/districts/hunslet.html
Huntingdon,http://www.ukbmd.org.uk/reg/districts/huntingdon.html
Huntingdonshire North,http://www.ukbmd.org.uk/reg/districts/huntingdonshire%20north.html
Hursley,http://www.ukbmd.org.uk/reg/districts/hursley.html
Hyde (1937-1974),http://www.ukbmd.org.uk/reg/districts/hyde.html
Hyndburn & Rossendale,http://www.ukbmd.org.uk/reg/districts/hyndburn%20and%20rossendale.html
Ilford,http://www.ukbmd.org.uk/reg/districts/ilford.html
Ilkeston,http://www.ukbmd.org.uk/reg/districts/ilkeston.html
Ince,http://www.ukbmd.org.uk/reg/districts/ince.html
Ipswich,http://www.ukbmd.org.uk/reg/districts/ipswich.html
Isle of Wight,http://www.ukbmd.org.uk/reg/districts/isle%20of%20wight.html
Isles of Scilly (1901 onw),http://www.ukbmd.org.uk/reg/districts/isles%20of%20scilly.html
Islington,http://www.ukbmd.org.uk/reg/districts/islington.html
Jarrow,http://www.ukbmd.org.uk/reg/districts/jarrow.html
Keighley (1837-1946),http://www.ukbmd.org.uk/reg/districts/keighley.html
Keighley (1974 onw),http://www.ukbmd.org.uk/reg/districts/keighley.html
Kendal (1837-1937),http://www.ukbmd.org.uk/reg/districts/kendal.html
Kendal (1974 onw),http://www.ukbmd.org.uk/reg/districts/kendal.html
Kensington,http://www.ukbmd.org.uk/reg/districts/kensington.html
Kensington & Chelsea,http://www.ukbmd.org.uk/reg/districts/kensington%20and%20chelsea.html
Kerrier,http://www.ukbmd.org.uk/reg/districts/kerrier.html
Kettering,http://www.ukbmd.org.uk/reg/districts/kettering.html
Ketton,http://www.ukbmd.org.uk/reg/districts/ketton.html
Keynsham,http://www.ukbmd.org.uk/reg/districts/keynsham.html
Kidderminster,http://www.ukbmd.org.uk/reg/districts/kidderminster.html
Kings Lynn,http://www.ukbmd.org.uk/reg/districts/kings%20lynn.html
Kings Norton (1913-1924),http://www.ukbmd.org.uk/reg/districts/kings%20norton.html
Kings Norton (to 1912),http://www.ukbmd.org.uk/reg/districts/kings%20norton.html
Kingsbridge,http://www.ukbmd.org.uk/reg/districts/kingsbridge.html
Kingsclere & Whitchurch (1932-2000),http://www.ukbmd.org.uk/reg/districts/kingsclere%20and%20whitchurch.html
Kingsclere (1837-1932),http://www.ukbmd.org.uk/reg/districts/kingsclere.html
Kingston,http://www.ukbmd.org.uk/reg/districts/kingston.html
Kingston upon Thames,http://www.ukbmd.org.uk/reg/districts/kingston%20upon%20thames.html
Kingswinford (1934-37),http://www.ukbmd.org.uk/reg/districts/kingswinford.html
Kingswood (1937-74),http://www.ukbmd.org.uk/reg/districts/kingswood.html
Kington (1837-8),http://www.ukbmd.org.uk/reg/districts/kington.html
Kington (1870),http://www.ukbmd.org.uk/reg/districts/kington.html
Kington (1871 onw),http://www.ukbmd.org.uk/reg/districts/kington.html
Kirk Deighton,http://www.ukbmd.org.uk/reg/districts/kirk%20deighton.html
Kirkstall,http://www.ukbmd.org.uk/reg/districts/kirkstall.html
Knaresborough,http://www.ukbmd.org.uk/reg/districts/knaresborough.html
Knighton,http://www.ukbmd.org.uk/reg/districts/knighton.html
Knowsley,http://www.ukbmd.org.uk/reg/districts/knowsley.html
Lambeth,http://www.ukbmd.org.uk/reg/districts/lambeth.html
Lampeter,http://www.ukbmd.org.uk/reg/districts/lampeter.html
Lancaster,http://www.ukbmd.org.uk/reg/districts/lancaster.html
Lanchester (1837 only),http://www.ukbmd.org.uk/reg/districts/lanchester.html
Lanchester (1875-1938),http://www.ukbmd.org.uk/reg/districts/lanchester.html
Langport,http://www.ukbmd.org.uk/reg/districts/langport.html
Launceston,http://www.ukbmd.org.uk/reg/districts/launceston.html
Ledbury,http://www.ukbmd.org.uk/reg/districts/ledbury.html
Leeds (1837-1929),http://www.ukbmd.org.uk/reg/districts/leeds.html
Leeds (1939 onw),http://www.ukbmd.org.uk/reg/districts/leeds.html
Leeds North,http://www.ukbmd.org.uk/reg/districts/leeds%20north.html
Leeds South,http://www.ukbmd.org.uk/reg/districts/leeds%20south.html
Leek,http://www.ukbmd.org.uk/reg/districts/leek.html
Leicester (1837-1974),http://www.ukbmd.org.uk/reg/districts/leicester.html
Leicestershire Central,http://www.ukbmd.org.uk/reg/districts/leicestershire%20central.html
Leigh,http://www.ukbmd.org.uk/reg/districts/leigh.html
Leighton Buzzard,http://www.ukbmd.org.uk/reg/districts/leighton%20buzzard.html
Leominster,http://www.ukbmd.org.uk/reg/districts/leominster.html
Lewes,http://www.ukbmd.org.uk/reg/districts/lewes.html
Lewisham,http://www.ukbmd.org.uk/reg/districts/lewisham.html
Lexden,http://www.ukbmd.org.uk/reg/districts/lexden.html
Leyburn,http://www.ukbmd.org.uk/reg/districts/leyburn.html
Lichfield,http://www.ukbmd.org.uk/reg/districts/lichfield.html
Limehouse,http://www.ukbmd.org.uk/reg/districts/limehouse.html
Lincoln,http://www.ukbmd.org.uk/reg/districts/lincoln.html
Linton,http://www.ukbmd.org.uk/reg/districts/linton.html
Liskeard,http://www.ukbmd.org.uk/reg/districts/liskeard.html
Littleborough,http://www.ukbmd.org.uk/reg/districts/littleborough.html
Liverpool (1837-1934),http://www.ukbmd.org.uk/reg/districts/liverpool.html
Liverpool (1969 onw),http://www.ukbmd.org.uk/reg/districts/liverpool.html
Liverpool North,http://www.ukbmd.org.uk/reg/districts/liverpool%20north.html
Liverpool South,http://www.ukbmd.org.uk/reg/districts/liverpool%20south.html
Llandilofawr,http://www.ukbmd.org.uk/reg/districts/llandilofawr.html
Llandovery,http://www.ukbmd.org.uk/reg/districts/llandovery.html
Llanelli (1974 onw),http://www.ukbmd.org.uk/reg/districts/llanelli.html
Llanelly (to 1974),http://www.ukbmd.org.uk/reg/districts/llanelly.html
Llanfyllin,http://www.ukbmd.org.uk/reg/districts/llanfyllin.html
Llanrwst,http://www.ukbmd.org.uk/reg/districts/llanrwst.html
Loddon,http://www.ukbmd.org.uk/reg/districts/loddon.html
London City,http://www.ukbmd.org.uk/reg/districts/london%20city.html
Long Ashton,http://www.ukbmd.org.uk/reg/districts/long%20ashton.html
Longtown,http://www.ukbmd.org.uk/reg/districts/longtown.html
Lothingland (1935-1974),http://www.ukbmd.org.uk/reg/districts/lothingland.html
Loughborough,http://www.ukbmd.org.uk/reg/districts/loughborough.html
Louth,http://www.ukbmd.org.uk/reg/districts/louth.html
Lower Agbrigg,http://www.ukbmd.org.uk/reg/districts/lower%20agbrigg.html
Ludlow,http://www.ukbmd.org.uk/reg/districts/ludlow.html
Lunesdale,http://www.ukbmd.org.uk/reg/districts/lunesdale.html
Luton,http://www.ukbmd.org.uk/reg/districts/luton.html
Lutterworth,http://www.ukbmd.org.uk/reg/districts/lutterworth.html
Lymington,http://www.ukbmd.org.uk/reg/districts/lymington.html
Macclesfield,http://www.ukbmd.org.uk/reg/districts/macclesfield.html
Machynlleth,http://www.ukbmd.org.uk/reg/districts/machynlleth.html
Madeley,http://www.ukbmd.org.uk/reg/districts/madeley.html
Maelor,http://www.ukbmd.org.uk/reg/districts/maelor.html
Maidenhead,http://www.ukbmd.org.uk/reg/districts/maidenhead.html
Maidstone,http://www.ukbmd.org.uk/reg/districts/maidstone.html
Maldon (1837-1972),http://www.ukbmd.org.uk/reg/districts/maldon.html
Maldon (1974 onw),http://www.ukbmd.org.uk/reg/districts/maldon.html
Malling,http://www.ukbmd.org.uk/reg/districts/malling.html
Malmesbury,http://www.ukbmd.org.uk/reg/districts/malmesbury.html
Malton,http://www.ukbmd.org.uk/reg/districts/malton.html
Malvern,http://www.ukbmd.org.uk/reg/districts/malvern.html
Manchester (1837-1924),http://www.ukbmd.org.uk/reg/districts/manchester.html
Manchester (1939 onw),http://www.ukbmd.org.uk/reg/districts/manchester.html
Manchester North,http://www.ukbmd.org.uk/reg/districts/manchester%20north.html
Manchester South,http://www.ukbmd.org.uk/reg/districts/manchester%20south.html
Mansfield,http://www.ukbmd.org.uk/reg/districts/mansfield.html
March,http://www.ukbmd.org.uk/reg/districts/march.html
Market Bosworth,http://www.ukbmd.org.uk/reg/districts/market%20bosworth.html
Market Drayton,http://www.ukbmd.org.uk/reg/districts/market%20drayton.html
Market Harborough,http://www.ukbmd.org.uk/reg/districts/market%20harborough.html
Marlborough,http://www.ukbmd.org.uk/reg/districts/marlborough.html
Martley (from 1934),http://www.ukbmd.org.uk/reg/districts/martley.html
Martley (to 1913),http://www.ukbmd.org.uk/reg/districts/martley.html
Marylebone (1837-1901),http://www.ukbmd.org.uk/reg/districts/marylebone.html
Matlock (1837-8),http://www.ukbmd.org.uk/reg/districts/matlock.html
Medway (1837-1941),http://www.ukbmd.org.uk/reg/districts/medway.html
Medway (1998 onw),http://www.ukbmd.org.uk/reg/districts/medway.html
Melksham,http://www.ukbmd.org.uk/reg/districts/melksham.html
Melton & Rutland,http://www.ukbmd.org.uk/reg/districts/melton%20and%20rutland.html
Melton Mowbray,http://www.ukbmd.org.uk/reg/districts/melton%20mowbray.html
Melton Mowbray (1997 onw),http://www.ukbmd.org.uk/reg/districts/melton%20mowbray.html
Mendip,http://www.ukbmd.org.uk/reg/districts/mendip.html
Mere,http://www.ukbmd.org.uk/reg/districts/mere.html
Meriden,http://www.ukbmd.org.uk/reg/districts/meriden.html
Merioneth East,http://www.ukbmd.org.uk/reg/districts/merioneth%20east.html
Merioneth North,http://www.ukbmd.org.uk/reg/districts/merioneth%20north.html
Merioneth South,http://www.ukbmd.org.uk/reg/districts/merioneth%20south.html
Merthyr Tydfil,http://www.ukbmd.org.uk/reg/districts/merthyr%20tydfil.html
Merton,http://www.ukbmd.org.uk/reg/districts/merton.html
Mid Devon,http://www.ukbmd.org.uk/reg/districts/mid%20devon.html
Mid Glamorgan,http://www.ukbmd.org.uk/reg/districts/mid%20glamorgan.html
Mid Powys,http://www.ukbmd.org.uk/reg/districts/mid%20powys.html
Mid Surrey,http://www.ukbmd.org.uk/reg/districts/mid%20surrey.html
Mid Warwickshire,http://www.ukbmd.org.uk/reg/districts/mid%20warwickshire.html
Middlesbrough (1875-1968),http://www.ukbmd.org.uk/reg/districts/middlesbrough.html
Middlesbrough (1996 onw),http://www.ukbmd.org.uk/reg/districts/middlesbrough.html
Middlesex South,http://www.ukbmd.org.uk/reg/districts/middlesex%20south.html
Middleton (1933-74),http://www.ukbmd.org.uk/reg/districts/middleton.html
Midhurst & Petworth,http://www.ukbmd.org.uk/reg/districts/midhurst%20and%20petworth.html
Midhurst (to 1935),http://www.ukbmd.org.uk/reg/districts/midhurst.html
Mildenhall,http://www.ukbmd.org.uk/reg/districts/mildenhall.html
Mile End Old Town,http://www.ukbmd.org.uk/reg/districts/mile%20end%20old%20town.html
Millom,http://www.ukbmd.org.uk/reg/districts/millom.html
Milton,http://www.ukbmd.org.uk/reg/districts/milton.html
Milton Keynes,http://www.ukbmd.org.uk/reg/districts/milton%20keynes.html
Mitford,http://www.ukbmd.org.uk/reg/districts/mitford.html
Monmouth (1837-1939),http://www.ukbmd.org.uk/reg/districts/monmouth.html
Monmouthshire,http://www.ukbmd.org.uk/reg/districts/monmouthshire.html
Montgomery,http://www.ukbmd.org.uk/reg/districts/montgomery.html
Morpeth,http://www.ukbmd.org.uk/reg/districts/morpeth.html
Mutford,http://www.ukbmd.org.uk/reg/districts/mutford.html
Nantwich,http://www.ukbmd.org.uk/reg/districts/nantwich.html
Narberth,http://www.ukbmd.org.uk/reg/districts/narberth.html
Neath (1837-1970),http://www.ukbmd.org.uk/reg/districts/neath.html
Neath (1974 onw),http://www.ukbmd.org.uk/reg/districts/neath.html
Neath Port Talbot,http://www.ukbmd.org.uk/reg/districts/neath-port-talbot.html
Nelson (1936-1974),http://www.ukbmd.org.uk/reg/districts/nelson.html
New Forest,http://www.ukbmd.org.uk/reg/districts/new%20forest.html
Newark,http://www.ukbmd.org.uk/reg/districts/newark.html
Newbury,http://www.ukbmd.org.uk/reg/districts/newbury.html
Newcastle in Emlyn,http://www.ukbmd.org.uk/reg/districts/newcastle%20in%20emlyn.html
Newcastle under Lyme,http://www.ukbmd.org.uk/reg/districts/newcastle%20under%20lyme.html
Newcastle upon Tyne,http://www.ukbmd.org.uk/reg/districts/newcastle%20upon%20tyne.html
Newent,http://www.ukbmd.org.uk/reg/districts/newent.html
Newham,http://www.ukbmd.org.uk/reg/districts/newham.html
Newhaven (1837-39),http://www.ukbmd.org.uk/reg/districts/newhaven.html
Newhaven (1901-35),http://www.ukbmd.org.uk/reg/districts/newhaven.html
Newington,http://www.ukbmd.org.uk/reg/districts/newington.html
Newmarket (1938-1989),http://www.ukbmd.org.uk/reg/districts/newmarket.html
Newmarket (to 1938),http://www.ukbmd.org.uk/reg/districts/newmarket.html
Newport M,http://www.ukbmd.org.uk/reg/districts/newport2.html
Newport Pagnell,http://www.ukbmd.org.uk/reg/districts/newport%20pagnell.html
Newport S,http://www.ukbmd.org.uk/reg/districts/newport1.html
Newton,http://www.ukbmd.org.uk/reg/districts/newton.html
Newton Abbot,http://www.ukbmd.org.uk/reg/districts/newton%20abbot.html
Newtown,http://www.ukbmd.org.uk/reg/districts/newtown.html
North Aylesford,http://www.ukbmd.org.uk/reg/districts/north%20aylesford.html
North Bierley,http://www.ukbmd.org.uk/reg/districts/north%20bierley.html
North Bucks,http://www.ukbmd.org.uk/reg/districts/north%20bucks.html
North Cleveland,http://www.ukbmd.org.uk/reg/districts/north%20cleveland.html
North Cotswold,http://www.ukbmd.org.uk/reg/districts/north%20cotswold.html
North Devon,http://www.ukbmd.org.uk/reg/districts/north%20devon.html
North Dorset,http://www.ukbmd.org.uk/reg/districts/north%20dorset.html
North East Cheshire,http://www.ukbmd.org.uk/reg/districts/north%20east%20cheshire.html
North East Hampshire,http://www.ukbmd.org.uk/reg/districts/north%20east%20hampshire.html
North East Lincolnshire,http://www.ukbmd.org.uk/reg/districts/north%20east%20lincolnshire.html
North Kesteven,http://www.ukbmd.org.uk/reg/districts/north%20kesteven.html
North Lincolnshire,http://www.ukbmd.org.uk/reg/districts/north%20lincolnshire.html
North Shropshire,http://www.ukbmd.org.uk/reg/districts/north%20shropshire.html
North Somerset,http://www.ukbmd.org.uk/reg/districts/north%20somerset.html
North Surrey,http://www.ukbmd.org.uk/reg/districts/north%20surrey.html
North Tyneside,http://www.ukbmd.org.uk/reg/districts/north%20tyneside.html
North Tyneside East,http://www.ukbmd.org.uk/reg/districts/north%20tyneside%20east.html
North Tyneside West,http://www.ukbmd.org.uk/reg/districts/north%20tyneside%20west.html
North Walsham,http://www.ukbmd.org.uk/reg/districts/north%20walsham.html
North Warwickshire,http://www.ukbmd.org.uk/reg/districts/north%20warwickshire.html
North Witchford,http://www.ukbmd.org.uk/reg/districts/north%20witchford.html
Northallerton,http://www.ukbmd.org.uk/reg/districts/northallerton.html
Northampton & Hardingstone,http://www.ukbmd.org.uk/reg/districts/northampton%20and%20hardingstone.html
Northampton (1837-1923),http://www.ukbmd.org.uk/reg/districts/northampton.html
Northampton (1936 onw),http://www.ukbmd.org.uk/reg/districts/northampton.html
Northleach,http://www.ukbmd.org.uk/reg/districts/northleach.html
Northumberland Central,http://www.ukbmd.org.uk/reg/districts/northumberland%20central.html
Northumberland North First,http://www.ukbmd.org.uk/reg/districts/northumberland%20north%20first.html
Northumberland North Second,http://www.ukbmd.org.uk/reg/districts/northumberland%20north%20second.html
Northumberland South,http://www.ukbmd.org.uk/reg/districts/northumberland%20south.html
Northumberland West,http://www.ukbmd.org.uk/reg/districts/northumberland%20west.html
Northwich,http://www.ukbmd.org.uk/reg/districts/northwich.html
Norton Radstock,http://www.ukbmd.org.uk/reg/districts/norton%20radstock.html
Norwich,http://www.ukbmd.org.uk/reg/districts/norwich.html
Norwich Outer,http://www.ukbmd.org.uk/reg/districts/norwich%20outer.html
Nottingham,http://www.ukbmd.org.uk/reg/districts/nottingham.html
Nuneaton,http://www.ukbmd.org.uk/reg/districts/nuneaton.html
Nuneaton & Bedworth,http://www.ukbmd.org.uk/reg/districts/nuneaton%20and%20bedworth.html
Oakham,http://www.ukbmd.org.uk/reg/districts/oakham.html
Ogwr,http://www.ukbmd.org.uk/reg/districts/ogwr.html
Okehampton,http://www.ukbmd.org.uk/reg/districts/okehampton.html
Oldbury,http://www.ukbmd.org.uk/reg/districts/oldbury.html
Oldham,http://www.ukbmd.org.uk/reg/districts/oldham.html
Ongar,http://www.ukbmd.org.uk/reg/districts/ongar.html
Ormskirk,http://www.ukbmd.org.uk/reg/districts/ormskirk.html
Orsett,http://www.ukbmd.org.uk/reg/districts/orsett.html
Oswestry,http://www.ukbmd.org.uk/reg/districts/oswestry.html
Otley,http://www.ukbmd.org.uk/reg/districts/otley.html
Oundle,http://www.ukbmd.org.uk/reg/districts/oundle.html
Oundle & Thrapston,http://www.ukbmd.org.uk/reg/districts/oundle%20and%20thrapston.html
Overton,http://www.ukbmd.org.uk/reg/districts/overton.html
Oxford,http://www.ukbmd.org.uk/reg/districts/oxford.html
Paddington,http://www.ukbmd.org.uk/reg/districts/paddington.html
Pancras (1837-1901),http://www.ukbmd.org.uk/reg/districts/pancras.html
Pateley Bridge,http://www.ukbmd.org.uk/reg/districts/pateley%20bridge.html
Patrington,http://www.ukbmd.org.uk/reg/districts/patrington.html
Pembroke,http://www.ukbmd.org.uk/reg/districts/pembroke.html
Penistone (1911-1946),http://www.ukbmd.org.uk/reg/districts/penistone.html
Penkridge,http://www.ukbmd.org.uk/reg/districts/penkridge.html
Penllyn,http://www.ukbmd.org.uk/reg/districts/penllyn.html
Penrith,http://www.ukbmd.org.uk/reg/districts/penrith.html
Penzance,http://www.ukbmd.org.uk/reg/districts/penzance.html
Pershore,http://www.ukbmd.org.uk/reg/districts/pershore.html
Peterborough,http://www.ukbmd.org.uk/reg/districts/peterborough.html
Petersfield,http://www.ukbmd.org.uk/reg/districts/petersfield.html
Petworth (to 1935),http://www.ukbmd.org.uk/reg/districts/petworth.html
Pewsey,http://www.ukbmd.org.uk/reg/districts/pewsey.html
Pickering,http://www.ukbmd.org.uk/reg/districts/pickering.html
Plomesgate,http://www.ukbmd.org.uk/reg/districts/plomesgate.html
Ploughley & Bullingdon,http://www.ukbmd.org.uk/reg/districts/ploughley%20and%20bullingdon.html
Ploughley (1964 onw),http://www.ukbmd.org.uk/reg/districts/ploughley.html
Plymouth,http://www.ukbmd.org.uk/reg/districts/plymouth.html
Plympton (1936-74),http://www.ukbmd.org.uk/reg/districts/plympton.html
Plympton St Mary,http://www.ukbmd.org.uk/reg/districts/plympton%20st%20mary.html
Pocklington (1837-1937),http://www.ukbmd.org.uk/reg/districts/pocklington.html
Pocklington (1974 onw),http://www.ukbmd.org.uk/reg/districts/pocklington.html
Pontardawe,http://www.ukbmd.org.uk/reg/districts/pontardawe.html
Pontefract,http://www.ukbmd.org.uk/reg/districts/pontefract.html
Pontypool,http://www.ukbmd.org.uk/reg/districts/pontypool.html
Pontypridd,http://www.ukbmd.org.uk/reg/districts/pontypridd.html
Poole (1959 onw),http://www.ukbmd.org.uk/reg/districts/poole.html
Poole (to 1958),http://www.ukbmd.org.uk/reg/districts/poole.html
Poplar & Bethnal Green,http://www.ukbmd.org.uk/reg/districts/poplar%20and%20bethnal%20green.html
Poplar (to 1965),http://www.ukbmd.org.uk/reg/districts/poplar.html
Portsea Island (1837-1900),http://www.ukbmd.org.uk/reg/districts/portsea%20island.html
Portsmouth (1900 onw),http://www.ukbmd.org.uk/reg/districts/portsmouth.html
Potterspury,http://www.ukbmd.org.uk/reg/districts/potterspury.html
Prescot,http://www.ukbmd.org.uk/reg/districts/prescot.html
Presteigne (1837-77),http://www.ukbmd.org.uk/reg/districts/presteigne.html
Preston,http://www.ukbmd.org.uk/reg/districts/preston.html
Preston & South Ribble,http://www.ukbmd.org.uk/reg/districts/preston%20and%20south%20ribble.html
Prestwich,http://www.ukbmd.org.uk/reg/districts/prestwich.html
Pwllheli & Porthmadog,http://www.ukbmd.org.uk/reg/districts/pwllheli%20and%20porthmadog.html
Pwllheli & Portmadoc,http://www.ukbmd.org.uk/reg/districts/pwllheli%20and%20portmadoc.html
Pwllheli (to 1937),http://www.ukbmd.org.uk/reg/districts/pwllheli.html
Radford,http://www.ukbmd.org.uk/reg/districts/radford.html
Radnorshire East,http://www.ukbmd.org.uk/reg/districts/radnorshire%20east.html
Radnorshire West,http://www.ukbmd.org.uk/reg/districts/radnorshire%20west.html
Reading & Wokingham,http://www.ukbmd.org.uk/reg/districts/reading%20and%20wokingham.html
Reading (1837-1974),http://www.ukbmd.org.uk/reg/districts/reading.html
Redbridge (1965 onw),http://www.ukbmd.org.uk/reg/districts/redbridge.html
Redcar & Cleveland,http://www.ukbmd.org.uk/reg/districts/redcar%20and%20cleveland.html
Redditch,http://www.ukbmd.org.uk/reg/districts/redditch.html
Redruth (to 1974),http://www.ukbmd.org.uk/reg/districts/redruth.html
Reeth,http://www.ukbmd.org.uk/reg/districts/reeth.html
Reigate,http://www.ukbmd.org.uk/reg/districts/reigate.html
Repton (1937-1974),http://www.ukbmd.org.uk/reg/districts/repton.html
Rhayader,http://www.ukbmd.org.uk/reg/districts/rhayader.html
Rhuddlan,http://www.ukbmd.org.uk/reg/districts/rhuddlan.html
Ribble Valley,http://www.ukbmd.org.uk/reg/districts/ribble%20valley.html
Richmond Sry,http://www.ukbmd.org.uk/reg/districts/richmond1.html
Richmond upon Thames,http://www.ukbmd.org.uk/reg/districts/richmond%20upon%20thames.html
Richmond Yk,http://www.ukbmd.org.uk/reg/districts/richmond2.html
Ringwood & Fordingbridge,http://www.ukbmd.org.uk/reg/districts/ringwood%20and%20fordingbridge.html
Ringwood (to 1932),http://www.ukbmd.org.uk/reg/districts/ringwood.html
Ripon,http://www.ukbmd.org.uk/reg/districts/ripon.html
Risbridge,http://www.ukbmd.org.uk/reg/districts/risbridge.html
Rochdale,http://www.ukbmd.org.uk/reg/districts/rochdale.html
Rochford,http://www.ukbmd.org.uk/reg/districts/rochford.html
Romford,http://www.ukbmd.org.uk/reg/districts/romford.html
Romney Marsh,http://www.ukbmd.org.uk/reg/districts/romney%20marsh.html
Romsey & Stockbridge,http://www.ukbmd.org.uk/reg/districts/romsey%20and%20stockbridge.html
Romsey (1837-1932),http://www.ukbmd.org.uk/reg/districts/romsey.html
Romsey (1974 onw),http://www.ukbmd.org.uk/reg/districts/romsey.html
Ross,http://www.ukbmd.org.uk/reg/districts/ross.html
Rothbury,http://www.ukbmd.org.uk/reg/districts/rothbury.html
Rother Valley,http://www.ukbmd.org.uk/reg/districts/rother%20valley.html
Rotherham,http://www.ukbmd.org.uk/reg/districts/rotherham.html
Rotherhithe (to 1869),http://www.ukbmd.org.uk/reg/districts/rotherhithe.html
Rowley Regis,http://www.ukbmd.org.uk/reg/districts/rowley%20regis.html
Royston,http://www.ukbmd.org.uk/reg/districts/royston.html
Rugby,http://www.ukbmd.org.uk/reg/districts/rugby.html
Runcorn,http://www.ukbmd.org.uk/reg/districts/runcorn.html
Rushcliffe,http://www.ukbmd.org.uk/reg/districts/rushcliffe.html
Ruthin,http://www.ukbmd.org.uk/reg/districts/ruthin.html
Rutland (1974-1995),http://www.ukbmd.org.uk/reg/districts/rutland.html
Rutland (1997 onw),http://www.ukbmd.org.uk/reg/districts/rutland.html
Rye,http://www.ukbmd.org.uk/reg/districts/rye.html
Ryedale,http://www.ukbmd.org.uk/reg/districts/ryedale.html
Saddleworth,http://www.ukbmd.org.uk/reg/districts/saddleworth.html
Saffron Walden,http://www.ukbmd.org.uk/reg/districts/saffron%20walden.html
Salford,http://www.ukbmd.org.uk/reg/districts/salford.html
Salisbury (1837-69),http://www.ukbmd.org.uk/reg/districts/salisbury.html
Salisbury (1895 onw),http://www.ukbmd.org.uk/reg/districts/salisbury.html
Samford,http://www.ukbmd.org.uk/reg/districts/samford.html
Sandwell,http://www.ukbmd.org.uk/reg/districts/sandwell.html
Scarborough,http://www.ukbmd.org.uk/reg/districts/scarborough.html
Scilly Islands,http://www.ukbmd.org.uk/reg/districts/scilly.html
Sculcoates,http://www.ukbmd.org.uk/reg/districts/sculcoates.html
Scunthorpe (1938-1996),http://www.ukbmd.org.uk/reg/districts/scunthorpe.html
Sedbergh,http://www.ukbmd.org.uk/reg/districts/sedbergh.html
Sedgefield (1837 only),http://www.ukbmd.org.uk/reg/districts/sedgefield.html
Sedgefield (1896-1938),http://www.ukbmd.org.uk/reg/districts/sedgefield.html
Sedgemoor,http://www.ukbmd.org.uk/reg/districts/sedgemoor.html
Sefton North,http://www.ukbmd.org.uk/reg/districts/sefton%20north.html
Sefton South,http://www.ukbmd.org.uk/reg/districts/sefton%20south.html
Seisdon (1837-8),http://www.ukbmd.org.uk/reg/districts/seisdon.html
Seisdon (1966-74),http://www.ukbmd.org.uk/reg/districts/seisdon.html
Selby,http://www.ukbmd.org.uk/reg/districts/selby.html
Settle,http://www.ukbmd.org.uk/reg/districts/settle.html
Sevenoaks,http://www.ukbmd.org.uk/reg/districts/sevenoaks.html
Shaftesbury,http://www.ukbmd.org.uk/reg/districts/shaftesbury.html
Shardlow,http://www.ukbmd.org.uk/reg/districts/shardlow.html
Sheffield,http://www.ukbmd.org.uk/reg/districts/sheffield.html
Sheppey,http://www.ukbmd.org.uk/reg/districts/sheppey.html
Shepton Mallet,http://www.ukbmd.org.uk/reg/districts/shepton%20mallet.html
Shepway,http://www.ukbmd.org.uk/reg/districts/shepway.html
Sherborne,http://www.ukbmd.org.uk/reg/districts/sherborne.html
Shifnal,http://www.ukbmd.org.uk/reg/districts/shifnal.html
Shipston on Stour,http://www.ukbmd.org.uk/reg/districts/shipston%20on%20stour.html
Shoreditch,http://www.ukbmd.org.uk/reg/districts/shoreditch.html
Shrewsbury (1837-71),http://www.ukbmd.org.uk/reg/districts/shrewsbury.html
Shrewsbury (1935 onw),http://www.ukbmd.org.uk/reg/districts/shrewsbury.html
Sidcup,http://www.ukbmd.org.uk/reg/districts/sidcup.html
Sittingbourne (1941 onw),http://www.ukbmd.org.uk/reg/districts/sittingbourne.html
Skipton (to 1946),http://www.ukbmd.org.uk/reg/districts/skipton.html
Skirlaugh,http://www.ukbmd.org.uk/reg/districts/skirlaugh.html
Sleaford & East Kesteven,http://www.ukbmd.org.uk/reg/districts/sleaford%20and%20east%20kesteven.html
Sleaford (1974 onw),http://www.ukbmd.org.uk/reg/districts/sleaford.html
Sleaford (to 1933),http://www.ukbmd.org.uk/reg/districts/sleaford.html
Slough,http://www.ukbmd.org.uk/reg/districts/slough.html
Smallburgh,http://www.ukbmd.org.uk/reg/districts/smallburgh.html
Smethwick,http://www.ukbmd.org.uk/reg/districts/smethwick.html
Sodbury (1937-1996),http://www.ukbmd.org.uk/reg/districts/sodbury.html
Solihull,http://www.ukbmd.org.uk/reg/districts/solihull.html
Solihull North,http://www.ukbmd.org.uk/reg/districts/solihull%20north.html
Solihull South,http://www.ukbmd.org.uk/reg/districts/solihull%20south.html
South Cheshire,http://www.ukbmd.org.uk/reg/districts/south%20cheshire.html
South Derbyshire,http://www.ukbmd.org.uk/reg/districts/south%20derbyshire.html
South Dorset,http://www.ukbmd.org.uk/reg/districts/south%20dorset.html
South East Hampshire,http://www.ukbmd.org.uk/reg/districts/south%20east%20hampshire.html
South East Surrey,http://www.ukbmd.org.uk/reg/districts/south%20east%20surrey.html
South Glamorgan,http://www.ukbmd.org.uk/reg/districts/south%20glamorgan.html
South Gloucestershire,http://www.ukbmd.org.uk/reg/districts/south%20gloucestershire.html
South Molton,http://www.ukbmd.org.uk/reg/districts/south%20molton.html
South Pembrokeshire,http://www.ukbmd.org.uk/reg/districts/south%20pembrokeshire.html
South Shields,http://www.ukbmd.org.uk/reg/districts/south%20shields.html
South Staffordshire,http://www.ukbmd.org.uk/reg/districts/south%20staffordshire.html
South Stoneham,http://www.ukbmd.org.uk/reg/districts/south%20stoneham.html
South Warwickshire,http://www.ukbmd.org.uk/reg/districts/south%20warwickshire.html
Southam,http://www.ukbmd.org.uk/reg/districts/southam.html
Southampton,http://www.ukbmd.org.uk/reg/districts/southampton.html
Southend on Sea,http://www.ukbmd.org.uk/reg/districts/southend%20on%20sea.html
Southport,http://www.ukbmd.org.uk/reg/districts/southport.html
Southwark(1901 onw),http://www.ukbmd.org.uk/reg/districts/southwark.html
Southwell,http://www.ukbmd.org.uk/reg/districts/southwell.html
Spalding,http://www.ukbmd.org.uk/reg/districts/spalding.html
Spen Valley,http://www.ukbmd.org.uk/reg/districts/spen%20valley.html
Spilsby,http://www.ukbmd.org.uk/reg/districts/spilsby.html
St Albans,http://www.ukbmd.org.uk/reg/districts/st%20albans.html
St Asaph,http://www.ukbmd.org.uk/reg/districts/st%20asaph.html
St Austell,http://www.ukbmd.org.uk/reg/districts/st%20austell.html
St Columb,http://www.ukbmd.org.uk/reg/districts/st%20columb.html
St Faiths,http://www.ukbmd.org.uk/reg/districts/st%20faiths.html
St George Hanover Square,http://www.ukbmd.org.uk/reg/districts/st%20george%20hanover%20square.html
St George in the East,http://www.ukbmd.org.uk/reg/districts/st%20george%20in%20the%20east.html
St George Southwark,http://www.ukbmd.org.uk/reg/districts/st%20george%20southwark.html
St Germans,http://www.ukbmd.org.uk/reg/districts/st%20germans.html
St Giles,http://www.ukbmd.org.uk/reg/districts/st%20giles.html
St Helens,http://www.ukbmd.org.uk/reg/districts/st%20helens.html
St Ives,http://www.ukbmd.org.uk/reg/districts/st%20ives.html
St James Westminster,http://www.ukbmd.org.uk/reg/districts/st%20james%20westminster.html
St Luke,http://www.ukbmd.org.uk/reg/districts/st%20luke.html
St Martin (1913-33),http://www.ukbmd.org.uk/reg/districts/st%20martin.html
St Martin in the Fields,http://www.ukbmd.org.uk/reg/districts/st%20martin%20in%20the%20fields.html
St Marylebone (1902-1977),http://www.ukbmd.org.uk/reg/districts/st%20marylebone.html
St Neots,http://www.ukbmd.org.uk/reg/districts/st%20neots.html
St Olave Bermondsey (1902-1934),http://www.ukbmd.org.uk/reg/districts/st%20olave%20bermondsey.html
St Olave Southwark (1837-1901),http://www.ukbmd.org.uk/reg/districts/st%20olave%20southwark.html
St Pancras (1902-1977),http://www.ukbmd.org.uk/reg/districts/st%20pancras.html
St Saviour Southwark,http://www.ukbmd.org.uk/reg/districts/st%20saviour%20southwark.html
St Thomas,http://www.ukbmd.org.uk/reg/districts/st%20thomas.html
Stafford,http://www.ukbmd.org.uk/reg/districts/stafford.html
Staffordshire Moorlands,http://www.ukbmd.org.uk/reg/districts/staffordshire%20moorlands.html
Staincliffe,http://www.ukbmd.org.uk/reg/districts/staincliffe.html
Staincross,http://www.ukbmd.org.uk/reg/districts/staincross.html
Staines,http://www.ukbmd.org.uk/reg/districts/staines.html
Stamford,http://www.ukbmd.org.uk/reg/districts/stamford.html
Stepney (1926-82),http://www.ukbmd.org.uk/reg/districts/stepney.html
Stepney (to 1921),http://www.ukbmd.org.uk/reg/districts/stepney.html
Stevenage,http://www.ukbmd.org.uk/reg/districts/stevenage.html
Steyning,http://www.ukbmd.org.uk/reg/districts/steyning.html
Stockbridge (to 1932),http://www.ukbmd.org.uk/reg/districts/stockbridge.html
Stockport,http://www.ukbmd.org.uk/reg/districts/stockport.html
Stockton (to 1938),http://www.ukbmd.org.uk/reg/districts/stockton.html
Stockton on Tees (1996 onw),http://www.ukbmd.org.uk/reg/districts/stockton%20on%20tees.html
Stoke and Wolstanton,http://www.ukbmd.org.uk/reg/districts/stoke%20and%20wolstanton.html
Stoke Damerel,http://www.ukbmd.org.uk/reg/districts/stoke%20damerel.html
Stoke Newington (1930-1979),http://www.ukbmd.org.uk/reg/districts/stoke%20newington.html
Stoke on Trent,http://www.ukbmd.org.uk/reg/districts/stoke%20on%20trent.html
Stoke upon Trent,http://www.ukbmd.org.uk/reg/districts/stoke%20upon%20trent.html
Stokesley,http://www.ukbmd.org.uk/reg/districts/stokesley.html
Stone,http://www.ukbmd.org.uk/reg/districts/stone.html
Stourbridge,http://www.ukbmd.org.uk/reg/districts/stourbridge.html
Stow (to 1935),http://www.ukbmd.org.uk/reg/districts/stow.html
Stow on the Wold,http://www.ukbmd.org.uk/reg/districts/stow%20on%20the%20wold.html
Strand (1837-1913),http://www.ukbmd.org.uk/reg/districts/strand.html
Stratford upon Avon,http://www.ukbmd.org.uk/reg/districts/stratford%20on%20avon.html
Stratton,http://www.ukbmd.org.uk/reg/districts/stratton.html
Strood & Hoo,http://www.ukbmd.org.uk/reg/districts/strood%20and%20hoo.html
Strood (1885-1923),http://www.ukbmd.org.uk/reg/districts/strood.html
Stroud (1837 onw),http://www.ukbmd.org.uk/reg/districts/stroud.html
Sturminster (1959 to 1974),http://www.ukbmd.org.uk/reg/districts/sturminster.html
Sturminster (to 1958),http://www.ukbmd.org.uk/reg/districts/sturminster.html
Sudbury,http://www.ukbmd.org.uk/reg/districts/sudbury.html
Sunderland,http://www.ukbmd.org.uk/reg/districts/sunderland.html
Surrey Mid Eastern,http://www.ukbmd.org.uk/reg/districts/surrey%20mid%20eastern.html
Surrey North Eastern,http://www.ukbmd.org.uk/reg/districts/surrey%20north%20eastern.html
Surrey North Western,http://www.ukbmd.org.uk/reg/districts/surrey%20north%20western.html
Surrey Northern (1948-65),http://www.ukbmd.org.uk/reg/districts/surrey%20northern.html
Surrey Northern (1965 onw),http://www.ukbmd.org.uk/reg/districts/surrey%20northern.html
Surrey South Eastern,http://www.ukbmd.org.uk/reg/districts/surrey%20south%20eastern.html
Surrey South Western,http://www.ukbmd.org.uk/reg/districts/surrey%20south%20western.html
Sutton (1965 onw),http://www.ukbmd.org.uk/reg/districts/sutton.html
Sutton Coldfield,http://www.ukbmd.org.uk/reg/districts/sutton%20coldfield.html
Swadlincote,http://www.ukbmd.org.uk/reg/districts/swadlincote.html
Swaffham,http://www.ukbmd.org.uk/reg/districts/swaffham.html
Swale,http://www.ukbmd.org.uk/reg/districts/swale.html
Swansea,http://www.ukbmd.org.uk/reg/districts/swansea.html
Swindon,http://www.ukbmd.org.uk/reg/districts/swindon.html
Tadcaster,http://www.ukbmd.org.uk/reg/districts/tadcaster.html
Tameside,http://www.ukbmd.org.uk/reg/districts/tameside.html
Tamworth,http://www.ukbmd.org.uk/reg/districts/tamworth.html
Taunton (1837-1974),http://www.ukbmd.org.uk/reg/districts/taunton.html
Taunton (1996 onw),http://www.ukbmd.org.uk/reg/districts/taunton.html
Taunton Deane,http://www.ukbmd.org.uk/reg/districts/taunton%20deane.html
Tavistock,http://www.ukbmd.org.uk/reg/districts/tavistock.html
Teesdale,http://www.ukbmd.org.uk/reg/districts/teesdale.html
Teesside,http://www.ukbmd.org.uk/reg/districts/teesside.html
Teesside North,http://www.ukbmd.org.uk/reg/districts/teesside%20north.html
Teesside South,http://www.ukbmd.org.uk/reg/districts/teesside%20south.html
Teignbridge,http://www.ukbmd.org.uk/reg/districts/teignbridge.html
Tenbury,http://www.ukbmd.org.uk/reg/districts/tenbury.html
Tendring,http://www.ukbmd.org.uk/reg/districts/tendring.html
Tenterden,http://www.ukbmd.org.uk/reg/districts/tenterden.html
Tetbury,http://www.ukbmd.org.uk/reg/districts/tetbury.html
Tewkesbury,http://www.ukbmd.org.uk/reg/districts/tewkesbury.html
Thakeham,http://www.ukbmd.org.uk/reg/districts/thakeham.html
Thame,http://www.ukbmd.org.uk/reg/districts/thame.html
Thanet,http://www.ukbmd.org.uk/reg/districts/thanet.html
Thanet with Dover,http://www.ukbmd.org.uk/reg/districts/thanet%20with%20dover.html
Thetford,http://www.ukbmd.org.uk/reg/districts/thetford.html
Thingoe,http://www.ukbmd.org.uk/reg/districts/thingoe.html
Thirsk,http://www.ukbmd.org.uk/reg/districts/thirsk.html
Thornbury,http://www.ukbmd.org.uk/reg/districts/thornbury.html
Thorne,http://www.ukbmd.org.uk/reg/districts/thorne.html
Thrapston,http://www.ukbmd.org.uk/reg/districts/thrapston.html
Thurrock (1939 onw),http://www.ukbmd.org.uk/reg/districts/thurrock.html
Ticehurst,http://www.ukbmd.org.uk/reg/districts/ticehurst.html
Tisbury,http://www.ukbmd.org.uk/reg/districts/tisbury.html
Tiverton,http://www.ukbmd.org.uk/reg/districts/tiverton.html
Todmorden,http://www.ukbmd.org.uk/reg/districts/todmorden.html
Tonbridge,http://www.ukbmd.org.uk/reg/districts/tonbridge.html
Torbay,http://www.ukbmd.org.uk/reg/districts/torbay.html
Torfaen,http://www.ukbmd.org.uk/reg/districts/torfaen.html
Torridge,http://www.ukbmd.org.uk/reg/districts/torridge.html
Torrington,http://www.ukbmd.org.uk/reg/districts/torrington.html
Totnes,http://www.ukbmd.org.uk/reg/districts/totnes.html
Towcester,http://www.ukbmd.org.uk/reg/districts/towcester.html
Tower Hamlets,http://www.ukbmd.org.uk/reg/districts/tower%20hamlets.html
Toxteth Park,http://www.ukbmd.org.uk/reg/districts/toxteth%20park.html
Trafford,http://www.ukbmd.org.uk/reg/districts/trafford.html
Tregaron,http://www.ukbmd.org.uk/reg/districts/tregaron.html
Trowbridge,http://www.ukbmd.org.uk/reg/districts/trowbridge.html
Truro,http://www.ukbmd.org.uk/reg/districts/truro.html
Tunbridge Wells,http://www.ukbmd.org.uk/reg/districts/tunbridge%20wells.html
Tunstead,http://www.ukbmd.org.uk/reg/districts/tunstead.html
Tynemouth,http://www.ukbmd.org.uk/reg/districts/tynemouth.html
Uckfield,http://www.ukbmd.org.uk/reg/districts/uckfield.html
Ulverston,http://www.ukbmd.org.uk/reg/districts/ulverston.html
Upper Agbrigg,http://www.ukbmd.org.uk/reg/districts/upper%20agbrigg.html
Uppingham,http://www.ukbmd.org.uk/reg/districts/uppingham.html
Upton upon Severn,http://www.ukbmd.org.uk/reg/districts/upton%20on%20severn.html
Uttlesford,http://www.ukbmd.org.uk/reg/districts/uttlesford.html
Uttoxeter,http://www.ukbmd.org.uk/reg/districts/uttoxeter.html
Uxbridge,http://www.ukbmd.org.uk/reg/districts/uxbridge.html
Vale of Glamorgan,http://www.ukbmd.org.uk/reg/districts/vale-of-glamorgan.html
Vale Royal,http://www.ukbmd.org.uk/reg/districts/vale%20royal.html
Vaynor,http://www.ukbmd.org.uk/reg/districts/vaynor.html
Wainford (1935-1948),http://www.ukbmd.org.uk/reg/districts/wainford.html
Wakefield,http://www.ukbmd.org.uk/reg/districts/wakefield.html
Wallasey,http://www.ukbmd.org.uk/reg/districts/wallasey.html
Wallingford,http://www.ukbmd.org.uk/reg/districts/wallingford.html
Walsall,http://www.ukbmd.org.uk/reg/districts/walsall.html
Walsingham,http://www.ukbmd.org.uk/reg/districts/walsingham.html
Waltham Forest,http://www.ukbmd.org.uk/reg/districts/waltham%20forest.html
Wandsworth,http://www.ukbmd.org.uk/reg/districts/wandsworth.html
Wangford,http://www.ukbmd.org.uk/reg/districts/wangford.html
Wantage,http://www.ukbmd.org.uk/reg/districts/wantage.html
Ware,http://www.ukbmd.org.uk/reg/districts/ware.html
Wareham,http://www.ukbmd.org.uk/reg/districts/wareham.html
Warley,http://www.ukbmd.org.uk/reg/districts/warley.html
Warley East,http://www.ukbmd.org.uk/reg/districts/warley%20east.html
Warley West,http://www.ukbmd.org.uk/reg/districts/warley%20west.html
Warminster,http://www.ukbmd.org.uk/reg/districts/warminster.html
Warrington,http://www.ukbmd.org.uk/reg/districts/warrington.html
Warwick & Leamington,http://www.ukbmd.org.uk/reg/districts/warwick%20and%20leamington.html
Warwick (to 1932),http://www.ukbmd.org.uk/reg/districts/warwick.html
Watford,http://www.ukbmd.org.uk/reg/districts/watford.html
Waveney,http://www.ukbmd.org.uk/reg/districts/waveney.html
Wayland,http://www.ukbmd.org.uk/reg/districts/wayland.html
Weardale,http://www.ukbmd.org.uk/reg/districts/weardale.html
Wednesbury,http://www.ukbmd.org.uk/reg/districts/wednesbury.html
Wellingborough,http://www.ukbmd.org.uk/reg/districts/wellingborough.html
Wellington Sal,http://www.ukbmd.org.uk/reg/districts/wellington2.html
Wellington Som,http://www.ukbmd.org.uk/reg/districts/wellington1.html
Wells,http://www.ukbmd.org.uk/reg/districts/wells.html
Welshpool,http://www.ukbmd.org.uk/reg/districts/welshpool.html
Welshpool & Llanfyllin,http://www.ukbmd.org.uk/reg/districts/welshpool%20and%20llanfyllin.html
Welton (1938-1974),http://www.ukbmd.org.uk/reg/districts/welton.html
Wem,http://www.ukbmd.org.uk/reg/districts/wem.html
Wenlock,http://www.ukbmd.org.uk/reg/districts/wenlock.html
Wensleydale,http://www.ukbmd.org.uk/reg/districts/wensleydale.html
Weobley,http://www.ukbmd.org.uk/reg/districts/weobley.html
West Ashford,http://www.ukbmd.org.uk/reg/districts/west%20ashford.html
West Bromwich,http://www.ukbmd.org.uk/reg/districts/west%20bromwich.html
West Cheshire,http://www.ukbmd.org.uk/reg/districts/west%20cheshire.html
West Derby,http://www.ukbmd.org.uk/reg/districts/west%20derby.html
West Devon,http://www.ukbmd.org.uk/reg/districts/west%20devon.html
West Dorset,http://www.ukbmd.org.uk/reg/districts/west%20dorset.html
West Firle,http://www.ukbmd.org.uk/reg/districts/west%20firle.html
West Glamorgan,http://www.ukbmd.org.uk/reg/districts/west%20glamorgan.html
West Ham,http://www.ukbmd.org.uk/reg/districts/west%20ham.html
West Hartlepool (1938-1967),http://www.ukbmd.org.uk/reg/districts/west%20hartlepool.html
West Lancashire,http://www.ukbmd.org.uk/reg/districts/west%20lancashire.html
West London,http://www.ukbmd.org.uk/reg/districts/west%20london.html
West Oxfordshire,http://www.ukbmd.org.uk/reg/districts/west%20oxfordshire.html
West Somerset,http://www.ukbmd.org.uk/reg/districts/west%20somerset.html
West Surrey,http://www.ukbmd.org.uk/reg/districts/west%20surrey.html
West Ward,http://www.ukbmd.org.uk/reg/districts/west%20ward.html
Westbourne,http://www.ukbmd.org.uk/reg/districts/westbourne.html
Westbury,http://www.ukbmd.org.uk/reg/districts/westbury.html
Westbury on Severn,http://www.ukbmd.org.uk/reg/districts/westbury%20on%20severn.html
Westhampnett,http://www.ukbmd.org.uk/reg/districts/westhampnett.html
Westminster (1870-1913),http://www.ukbmd.org.uk/reg/districts/westminster.html
Westminster (1965 onw),http://www.ukbmd.org.uk/reg/districts/westminster.html
Westminster St Margaret,http://www.ukbmd.org.uk/reg/districts/westminster%20st%20margaret.html
Westmorland North,http://www.ukbmd.org.uk/reg/districts/westmorland%20north.html
Westmorland South,http://www.ukbmd.org.uk/reg/districts/westmorland%20south.html
Weston super Mare (1936-1996),http://www.ukbmd.org.uk/reg/districts/weston%20super%20mare.html
Wetherby,http://www.ukbmd.org.uk/reg/districts/wetherby.html
Weymouth (1959-97),http://www.ukbmd.org.uk/reg/districts/weymouth.html
Weymouth (to 1958),http://www.ukbmd.org.uk/reg/districts/weymouth.html
Wharfedale,http://www.ukbmd.org.uk/reg/districts/wharfedale.html
Wheatenhurst,http://www.ukbmd.org.uk/reg/districts/wheatenhurst.html
Whitby,http://www.ukbmd.org.uk/reg/districts/whitby.html
Whitchurch H,http://www.ukbmd.org.uk/reg/districts/whitchurch1.html
Whitchurch S (1853-1969),http://www.ukbmd.org.uk/reg/districts/whitchurch2.html
Whitchurch S (Sep1837 only),http://www.ukbmd.org.uk/reg/districts/whitchurch2.html
Whitechapel,http://www.ukbmd.org.uk/reg/districts/whitechapel.html
Whitehaven,http://www.ukbmd.org.uk/reg/districts/whitehaven.html
Whittlesey,http://www.ukbmd.org.uk/reg/districts/whittlesey.html
Widnes,http://www.ukbmd.org.uk/reg/districts/widnes.html
Wigan,http://www.ukbmd.org.uk/reg/districts/wigan.html
Wigan & Leigh,http://www.ukbmd.org.uk/reg/districts/wigan%20and%20leigh.html
Wigton,http://www.ukbmd.org.uk/reg/districts/wigton.html
Willesden,http://www.ukbmd.org.uk/reg/districts/willesden.html
Williton,http://www.ukbmd.org.uk/reg/districts/williton.html
Wilton,http://www.ukbmd.org.uk/reg/districts/wilton.html
Wimborne,http://www.ukbmd.org.uk/reg/districts/wimborne.html
Wincanton,http://www.ukbmd.org.uk/reg/districts/wincanton.html
Winchcomb,http://www.ukbmd.org.uk/reg/districts/winchcomb.html
Winchester,http://www.ukbmd.org.uk/reg/districts/winchester.html
Windsor,http://www.ukbmd.org.uk/reg/districts/windsor.html
Windsor & Maidenhead,http://www.ukbmd.org.uk/reg/districts/windsor%20and%20maidenhead.html
Winslow,http://www.ukbmd.org.uk/reg/districts/winslow.html
Wirral (1837-1974),http://www.ukbmd.org.uk/reg/districts/wirral.html
Wisbech,http://www.ukbmd.org.uk/reg/districts/wisbech.html
Witham,http://www.ukbmd.org.uk/reg/districts/witham.html
Witney,http://www.ukbmd.org.uk/reg/districts/witney.html
Woburn,http://www.ukbmd.org.uk/reg/districts/woburn.html
Wokingham,http://www.ukbmd.org.uk/reg/districts/wokingham.html
Wolstanton,http://www.ukbmd.org.uk/reg/districts/wolstanton.html
Wolverhampton,http://www.ukbmd.org.uk/reg/districts/wolverhampton.html
Wood Green,http://www.ukbmd.org.uk/reg/districts/wood%20green.html
Woodbridge,http://www.ukbmd.org.uk/reg/districts/woodbridge.html
Woodstock,http://www.ukbmd.org.uk/reg/districts/woodstock.html
Woolwich,http://www.ukbmd.org.uk/reg/districts/woolwich.html
Worcester,http://www.ukbmd.org.uk/reg/districts/worcester.html
Worksop,http://www.ukbmd.org.uk/reg/districts/worksop.html
Worsley (1841-49),http://www.ukbmd.org.uk/reg/districts/worsley.html
Worth Valley,http://www.ukbmd.org.uk/reg/districts/worth%20valley.html
Worthing (1837-69),http://www.ukbmd.org.uk/reg/districts/worthing.html
Worthing (1935 onw),http://www.ukbmd.org.uk/reg/districts/worthing.html
Wortley (1838-1974),http://www.ukbmd.org.uk/reg/districts/wortley.html
Wrekin,http://www.ukbmd.org.uk/reg/districts/wrekin.html
Wrexham (1837-1974),http://www.ukbmd.org.uk/reg/districts/wrexham.html
Wrexham (1996 onw),http://www.ukbmd.org.uk/reg/districts/wrexham.html
Wrexham Maelor,http://www.ukbmd.org.uk/reg/districts/wrexham%20maelor.html
Wycombe,http://www.ukbmd.org.uk/reg/districts/wycombe.html
Yarmouth & Flegg,http://www.ukbmd.org.uk/reg/districts/yarmouth%20and%20flegg.html
Yarmouth (1837-1923),http://www.ukbmd.org.uk/reg/districts/yarmouth.html
Yeovil,http://www.ukbmd.org.uk/reg/districts/yeovil.html
Ynys Mon,http://www.ukbmd.org.uk/reg/districts/ynys%20mon.html
York (1837-1937),http://www.ukbmd.org.uk/reg/districts/york.html
York (1938 onw),http://www.ukbmd.org.uk/reg/districts/york.html
Ystradgynlais,http://www.ukbmd.org.uk/reg/districts/ystradgynlais.html
