district,url,status,rows_raw,rows_1851
Aberayron,http://www.ukbmd.org.uk/reg/districts/aberayron.html,ok,21,14
Aberconwy,http://www.ukbmd.org.uk/reg/districts/aberconwy.html,ok,0,0
Abergavenny,http://www.ukbmd.org.uk/reg/districts/abergavenny.html,ok,43,27
Aberystwyth,http://www.ukbmd.org.uk/reg/districts/aberystwyth.html,ok,35,30
Abingdon,http://www.ukbmd.org.uk/reg/districts/abingdon.html,ok,48,40
Acle,http://www.ukbmd.org.uk/reg/districts/acle.html,ok,36,0
Alcester,http://www.ukbmd.org.uk/reg/districts/alcester.html,ok,24,22
Alderbury,http://www.ukbmd.org.uk/reg/districts/alderbury.html,ok,35,26
Aldershot,http://www.ukbmd.org.uk/reg/districts/aldershot.html,ok,20,0
Aldridge & Brownhills,http://www.ukbmd.org.uk/reg/districts/aldridge%20and%20brownhills.html,ok,1,0
Aled,http://www.ukbmd.org.uk/reg/districts/aled.html,ok,12,0
Alnwick,http://www.ukbmd.org.uk/reg/districts/alnwick.html,ok,64,62
Alresford,http://www.ukbmd.org.uk/reg/districts/alresford.html,ok,22,19
Alston,http://www.ukbmd.org.uk/reg/districts/alston.html,ok,1,1
Alton (1837 onw),http://www.ukbmd.org.uk/reg/districts/alton.html,ok,31,20
Altrincham,http://www.ukbmd.org.uk/reg/districts/altrincham.html,ok,43,39
Alverstoke,http://www.ukbmd.org.uk/reg/districts/alverstoke.html,ok,1,1
Alyn & Deeside,http://www.ukbmd.org.uk/reg/districts/alyn%20and%20deeside.html,ok,0,0
Amber Valley,http://www.ukbmd.org.uk/reg/districts/amber%20valley.html,ok,36,0
Amersham,http://www.ukbmd.org.uk/reg/districts/amersham.html,ok,21,11
Amesbury,http://www.ukbmd.org.uk/reg/districts/amesbury.html,ok,25,23
Amounderness,http://www.ukbmd.org.uk/reg/districts/amounderness.html,ok,25,0
Ampthill,http://www.ukbmd.org.uk/reg/districts/ampthill.html,ok,45,19
Andover,http://www.ukbmd.org.uk/reg/districts/andover.html,ok,44,33
Anglesey (1837-1937),http://www.ukbmd.org.uk/reg/districts/anglesey.html,ok,60,56
Anglesey (1968-1974),http://www.ukbmd.org.uk/reg/districts/anglesey.html,ok,60,56
Anglesey East,http://www.ukbmd.org.uk/reg/districts/anglesey%20east.html,ok,43,0
Anglesey West,http://www.ukbmd.org.uk/reg/districts/anglesey%20west.html,ok,19,0
Appleby,http://www.ukbmd.org.uk/reg/districts/appleby.html,ok,36,0
Ardudwy,http://www.ukbmd.org.uk/reg/districts/ardudwy.html,ok,0,0
Ashbourne,http://www.ukbmd.org.uk/reg/districts/ashbourne.html,ok,76,63
Ashby de la Zouch,http://www.ukbmd.org.uk/reg/districts/ashby-de-la-zouch.html,ok,45,27
Ashford (1941-1998),http://www.ukbmd.org.uk/reg/districts/ashford.html,ok,47,0
Ashford with Shepway,http://www.ukbmd.org.uk/reg/districts/ashford%20with%20shepway.html,ok,72,0
Ashton & Oldham (1837-48),http://www.ukbmd.org.uk/reg/districts/ashton%20and%20oldham.html,ok,21,0
Ashton (1937-74),http://www.ukbmd.org.uk/reg/districts/ashton.html,ok,15,0
Ashton under Lyne (1848-1937),http://www.ukbmd.org.uk/reg/districts/ashton%20under%20lyne.html,ok,30,13
Askrigg,http://www.ukbmd.org.uk/reg/districts/askrigg.html,ok,17,15
Aston (1837-1924),http://www.ukbmd.org.uk/reg/districts/aston.html,ok,10,5
Atcham,http://www.ukbmd.org.uk/reg/districts/atcham.html,ok,57,44
Atherstone,http://www.ukbmd.org.uk/reg/districts/atherstone.html,ok,24,17
Auckland,http://www.ukbmd.org.uk/reg/districts/auckland.html,ok,66,33
Axbridge,http://www.ukbmd.org.uk/reg/districts/axbridge.html,ok,44,39
Axminster,http://www.ukbmd.org.uk/reg/districts/axminster.html,ok,23,15
Aylesbury,http://www.ukbmd.org.uk/reg/districts/aylesbury.html,ok,72,40
Aylesbury Vale,http://www.ukbmd.org.uk/reg/districts/aylesbury%20vale.html,ok,117,0
Aylsham,http://www.ukbmd.org.uk/reg/districts/aylsham.html,ok,49,46
Aysgarth,http://www.ukbmd.org.uk/reg/districts/aysgarth.html,ok,15,0
Bakewell (1839 onw),http://www.ukbmd.org.uk/reg/districts/bakewell.html,ok,81,60
Bala,http://www.ukbmd.org.uk/reg/districts/bala.html,ok,6,5
Banbury,http://www.ukbmd.org.uk/reg/districts/banbury.html,ok,64,50
Bangor,http://www.ukbmd.org.uk/reg/districts/bangor.html,ok,31,21
Barking & Dagenham,http://www.ukbmd.org.uk/reg/districts/barking%20and%20dagenham.html,ok,1,0
Barking (1965-1980),http://www.ukbmd.org.uk/reg/districts/barking.html,ok,1,0
Barkston Ash,http://www.ukbmd.org.uk/reg/districts/barkston%20ash.html,ok,76,0
Barnet,http://www.ukbmd.org.uk/reg/districts/barnet.html,ok,17,10
Barnsley,http://www.ukbmd.org.uk/reg/districts/barnsley.html,ok,25,17
Barnstaple,http://www.ukbmd.org.uk/reg/districts/barnstaple.html,ok,75,40
Barrow in Furness (1876 onw),http://www.ukbmd.org.uk/reg/districts/barrow-in-furness.html,ok,1,0
Barrow upon Soar,http://www.ukbmd.org.uk/reg/districts/barrow%20upon%20soar.html,ok,49,38
Barton (1934-1980),http://www.ukbmd.org.uk/reg/districts/barton.html,ok,10,0
Barton Regis,http://www.ukbmd.org.uk/reg/districts/barton%20regis.html,ok,19,0
Barton upon Irwell (1850-1934),http://www.ukbmd.org.uk/reg/districts/barton%20upon%20irwell.html,ok,16,6
"Barton, Worsley & Flixton",http://www.ukbmd.org.uk/reg/districts/barton%20worsley%20and%20flixton.html,ok,7,0
Basford,http://www.ukbmd.org.uk/reg/districts/basford.html,ok,77,44
Basildon,http://www.ukbmd.org.uk/reg/districts/basildon.html,ok,1,0
Basingstoke,http://www.ukbmd.org.uk/reg/districts/basingstoke.html,ok,57,39
Bath,http://www.ukbmd.org.uk/reg/districts/bath.html,ok,26,24
Bath & North East Somerset,http://www.ukbmd.org.uk/reg/districts/bath%20and%20north%20east%20somerset.html,ok,55,0
Bathavon,http://www.ukbmd.org.uk/reg/districts/bathavon.html,ok,29,0
Battersea (1930-1965),http://www.ukbmd.org.uk/reg/districts/battersea.html,ok,1,0
Battle,http://www.ukbmd.org.uk/reg/districts/battle.html,ok,42,14
Beaminster,http://www.ukbmd.org.uk/reg/districts/beaminster.html,ok,27,26
Bedale,http://www.ukbmd.org.uk/reg/districts/bedale.html,ok,34,24
Bedford,http://www.ukbmd.org.uk/reg/districts/bedford.html,ok,65,45
Bedminster,http://www.ukbmd.org.uk/reg/districts/bedminster.html,ok,28,23
Bedwellty,http://www.ukbmd.org.uk/reg/districts/bedwellty.html,ok,13,0
Belford,http://www.ukbmd.org.uk/reg/districts/belford.html,ok,36,32
Bellingham,http://www.ukbmd.org.uk/reg/districts/bellingham.html,ok,38,37
Belper,http://www.ukbmd.org.uk/reg/districts/belper.html,ok,40,35
Berkhampstead (1837-1939),http://www.ukbmd.org.uk/reg/districts/berkhampstead.html,ok,19,10
Berkhamsted (1939-74),http://www.ukbmd.org.uk/reg/districts/berkhamsted.html,ok,9,0
Bermondsey (1837-69),http://www.ukbmd.org.uk/reg/districts/bermondsey.html,ok,1,1
Bermondsey (1934 onw),http://www.ukbmd.org.uk/reg/districts/bermondsey.html,ok,1,1
Berwick,http://www.ukbmd.org.uk/reg/districts/berwick.html,ok,18,1
Bethnal Green,http://www.ukbmd.org.uk/reg/districts/bethnal%20green.html,ok,2,1
Beverley (1837-1937),http://www.ukbmd.org.uk/reg/districts/beverley.html,ok,43,36
Beverley (1974 onw),http://www.ukbmd.org.uk/reg/districts/beverley.html,ok,43,36
Bexley,http://www.ukbmd.org.uk/reg/districts/bexley.html,ok,1,0
Bicester,http://www.ukbmd.org.uk/reg/districts/bicester.html,ok,41,36
Bideford,http://www.ukbmd.org.uk/reg/districts/bideford.html,ok,42,19
Biggleswade,http://www.ukbmd.org.uk/reg/districts/biggleswade.html,ok,30,28
Billericay,http://www.ukbmd.org.uk/reg/districts/billericay.html,ok,29,25
Billesdon,http://www.ukbmd.org.uk/reg/districts/billesdon.html,ok,40,38
Bilston,http://www.ukbmd.org.uk/reg/districts/bilston.html,ok,17,0
Bingham,http://www.ukbmd.org.uk/reg/districts/bingham.html,ok,46,42
Birkenhead (1861-1998),http://www.ukbmd.org.uk/reg/districts/birkenhead.html,ok,9,0
Birmingham (1837-1924),http://www.ukbmd.org.uk/reg/districts/birmingham.html,ok,1,1
Birmingham (1932 onw),http://www.ukbmd.org.uk/reg/districts/birmingham.html,ok,1,1
Birmingham North,http://www.ukbmd.org.uk/reg/districts/birmingham%20north.html,ok,1,0
Birmingham South,http://www.ukbmd.org.uk/reg/districts/birmingham%20south.html,ok,2,0
Bishops Stortford,http://www.ukbmd.org.uk/reg/districts/bishops%20stortford.html,ok,35,20
Bishopsgate,http://www.ukbmd.org.uk/reg/districts/bishopsgate.html,ok,5,0
Blaby,http://www.ukbmd.org.uk/reg/districts/blaby.html,ok,33,27
Blackburn,http://www.ukbmd.org.uk/reg/districts/blackburn.html,ok,42,24
Blackpool & Fylde,http://www.ukbmd.org.uk/reg/districts/blackpool%20and%20fylde.html,ok,17,0
Blackpool (1936-1974),http://www.ukbmd.org.uk/reg/districts/blackpool.html,ok,1,0
Blaenau Gwent,http://www.ukbmd.org.uk/reg/districts/blaenau%20gwent.html,ok,0,0
Blandford,http://www.ukbmd.org.uk/reg/districts/blandford.html,ok,64,34
Blean,http://www.ukbmd.org.uk/reg/districts/blean.html,ok,23,16
Blofield,http://www.ukbmd.org.uk/reg/districts/blofield.html,ok,38,32
Blyth,http://www.ukbmd.org.uk/reg/districts/blyth.html,ok,51,0
Blything,http://www.ukbmd.org.uk/reg/districts/blything.html,ok,49,49
Bodmin,http://www.ukbmd.org.uk/reg/districts/bodmin.html,ok,47,21
Bolton,http://www.ukbmd.org.uk/reg/districts/bolton.html,ok,32,26
Bootle Cul,http://www.ukbmd.org.uk/reg/districts/bootle1.html,ok,17,12
Bootle Lan,http://www.ukbmd.org.uk/reg/districts/bootle2.html,ok,2,0
Border,http://www.ukbmd.org.uk/reg/districts/border.html,ok,38,0
Bosmere,http://www.ukbmd.org.uk/reg/districts/bosmere.html,ok,42,37
Boston,http://www.ukbmd.org.uk/reg/districts/boston.html,ok,51,47
Bourne & South Kesteven,http://www.ukbmd.org.uk/reg/districts/bourne%20and%20south%20kesteven.html,ok,36,0
Bourne (1837-1933),http://www.ukbmd.org.uk/reg/districts/bourne.html,ok,42,37
Bourne (1974 onw),http://www.ukbmd.org.uk/reg/districts/bourne.html,ok,42,37
Bournemouth & Christchurch,http://www.ukbmd.org.uk/reg/districts/bournemouth%20and%20christchurch.html,ok,7,0
Bournemouth (1932 onw),http://www.ukbmd.org.uk/reg/districts/bournemouth.html,ok,1,0
Brackley,http://www.ukbmd.org.uk/reg/districts/brackley.html,ok,45,29
Bracknell,http://www.ukbmd.org.uk/reg/districts/bracknell.html,ok,10,0
Bradfield,http://www.ukbmd.org.uk/reg/districts/bradfield.html,ok,34,29
Bradford,http://www.ukbmd.org.uk/reg/districts/bradford.html,ok,21,21
Bradford upon Avon,http://www.ukbmd.org.uk/reg/districts/bradford%20on%20avon.html,ok,17,9
Braintree,http://www.ukbmd.org.uk/reg/districts/braintree.html,ok,83,14
Bramham (1862-69),http://www.ukbmd.org.uk/reg/districts/bramham.html,ok,24,0
Bramley & Holbeck,http://www.ukbmd.org.uk/reg/districts/bramley%20and%20holbeck.html,ok,1,0
Bramley (1863-1925),http://www.ukbmd.org.uk/reg/districts/bramley.html,ok,7,0
Brampton,http://www.ukbmd.org.uk/reg/districts/brampton.html,ok,17,17
Brecknock,http://www.ukbmd.org.uk/reg/districts/brecknock.html,ok,45,43
Brent,http://www.ukbmd.org.uk/reg/districts/brent.html,ok,1,0
Brentford,http://www.ukbmd.org.uk/reg/districts/brentford.html,ok,18,10
Brentwood,http://www.ukbmd.org.uk/reg/districts/brentwood.html,ok,21,0
Bridge,http://www.ukbmd.org.uk/reg/districts/bridge.html,ok,42,25
Bridgend (1996 onw),http://www.ukbmd.org.uk/reg/districts/bridgend.html,ok,62,56
Bridgend (to 1970),http://www.ukbmd.org.uk/reg/districts/bridgend.html,ok,62,56
Bridgnorth,http://www.ukbmd.org.uk/reg/districts/bridgnorth.html,ok,71,30
Bridgwater,http://www.ukbmd.org.uk/reg/districts/bridgwater.html,ok,70,41
Bridlington (1837-1937),http://www.ukbmd.org.uk/reg/districts/bridlington.html,ok,60,32
Bridlington (1974 onw),http://www.ukbmd.org.uk/reg/districts/bridlington.html,ok,60,32
Bridport (1959 to 1997),http://www.ukbmd.org.uk/reg/districts/bridport.html,ok,48,19
Bridport (to 1958),http://www.ukbmd.org.uk/reg/districts/bridport.html,ok,48,19
Brighton,http://www.ukbmd.org.uk/reg/districts/brighton.html,ok,4,1
Bristol,http://www.ukbmd.org.uk/reg/districts/bristol.html,ok,21,18
Brixworth,http://www.ukbmd.org.uk/reg/districts/brixworth.html,ok,76,36
Bromley,http://www.ukbmd.org.uk/reg/districts/bromley.html,ok,20,16
Bromsgrove,http://www.ukbmd.org.uk/reg/districts/bromsgrove.html,ok,29,11
Bromyard,http://www.ukbmd.org.uk/reg/districts/bromyard.html,ok,38,34
Broxbourne,http://www.ukbmd.org.uk/reg/districts/broxbourne.html,ok,1,0
Buckingham,http://www.ukbmd.org.uk/reg/districts/buckingham.html,ok,31,29
Bucklow,http://www.ukbmd.org.uk/reg/districts/bucklow.html,ok,50,0
Buckrose,http://www.ukbmd.org.uk/reg/districts/buckrose.html,ok,69,0
Builth,http://www.ukbmd.org.uk/reg/districts/builth.html,ok,36,30
Bullingdon,http://www.ukbmd.org.uk/reg/districts/bullingdon.html,ok,60,0
Bulmer,http://www.ukbmd.org.uk/reg/districts/bulmer.html,ok,59,0
Buntingford (1837 only),http://www.ukbmd.org.uk/reg/districts/buntingford.html,ok,17,0
Burnley,http://www.ukbmd.org.uk/reg/districts/burnley.html,ok,37,26
Burnley & Pendle,http://www.ukbmd.org.uk/reg/districts/burnley%20and%20pendle.html,ok,32,0
Burton upon Trent,http://www.ukbmd.org.uk/reg/districts/burton%20upon%20trent.html,ok,59,54
Bury,http://www.ukbmd.org.uk/reg/districts/bury.html,ok,23,12
Bury St Edmunds,http://www.ukbmd.org.uk/reg/districts/bury%20st%20edmunds.html,ok,82,2
Caerleon,http://www.ukbmd.org.uk/reg/districts/caerleon.html,ok,51,0
Caernarfon (1974 onw),http://www.ukbmd.org.uk/reg/districts/caernarfon.html,ok,0,0
Caernarvon (1937-1974),http://www.ukbmd.org.uk/reg/districts/caernarvon.html,ok,12,0
Caerphilly,http://www.ukbmd.org.uk/reg/districts/caerphilly.html,ok,0,0
Caistor,http://www.ukbmd.org.uk/reg/districts/caistor.html,ok,82,76
Calder,http://www.ukbmd.org.uk/reg/districts/calder.html,ok,8,0
Calne,http://www.ukbmd.org.uk/reg/districts/calne.html,ok,13,11
Camberwell,http://www.ukbmd.org.uk/reg/districts/camberwell.html,ok,1,1
Camborne-Redruth,http://www.ukbmd.org.uk/reg/districts/camborne-redruth.html,ok,9,0
Cambridge (1837-1935),http://www.ukbmd.org.uk/reg/districts/cambridge.html,ok,15,14
Cambridge (1974 onw),http://www.ukbmd.org.uk/reg/districts/cambridge.html,ok,15,14
Cambridgeshire (1935-1974),http://www.ukbmd.org.uk/reg/districts/cambridgeshire.html,ok,135,0
Camden,http://www.ukbmd.org.uk/reg/districts/camden.html,ok,1,0
Camelford,http://www.ukbmd.org.uk/reg/districts/camelford.html,ok,16,14
Cannock,http://www.ukbmd.org.uk/reg/districts/cannock.html,ok,28,0
Cannock Chase,http://www.ukbmd.org.uk/reg/districts/cannock%20chase.html,ok,10,0
Canterbury,http://www.ukbmd.org.uk/reg/districts/canterbury.html,ok,28,20
Cardiff (1837-1974),http://www.ukbmd.org.uk/reg/districts/cardiff.html,ok,51,47
Cardiff (1996 onw),http://www.ukbmd.org.uk/reg/districts/cardiff.html,ok,51,47
Cardigan,http://www.ukbmd.org.uk/reg/districts/cardigan.html,ok,32,27
Cardiganshire Central,http://www.ukbmd.org.uk/reg/districts/cardiganshire%20central.html,ok,38,0
Cardiganshire North,http://www.ukbmd.org.uk/reg/districts/cardiganshire%20north.html,ok,25,0
Cardiganshire South,http://www.ukbmd.org.uk/reg/districts/cardiganshire%20south.html,ok,20,0
Carlisle,http://www.ukbmd.org.uk/reg/districts/carlisle.html,ok,23,20
Carmarthen,http://www.ukbmd.org.uk/reg/districts/carmarthen.html,ok,71,29
Carnarvon,http://www.ukbmd.org.uk/reg/districts/carnarvon.html,ok,18,16
Castle Ward,http://www.ukbmd.org.uk/reg/districts/castle%20ward.html,ok,82,78
Castleford,http://www.ukbmd.org.uk/reg/districts/castleford.html,ok,24,0
Catherington,http://www.ukbmd.org.uk/reg/districts/catherington.html,ok,8,6
Caxton,http://www.ukbmd.org.uk/reg/districts/caxton.html,ok,26,26
Central Cleveland,http://www.ukbmd.org.uk/reg/districts/central%20cleveland.html,ok,24,0
Cerne,http://www.ukbmd.org.uk/reg/districts/cerne.html,ok,21,0
Chailey,http://www.ukbmd.org.uk/reg/districts/chailey.html,ok,11,0
Chanctonbury,http://www.ukbmd.org.uk/reg/districts/chanctonbury.html,ok,18,0
Chapel en le Frith,http://www.ukbmd.org.uk/reg/districts/chapel-en-le-frith.html,ok,23,17
Chard,http://www.ukbmd.org.uk/reg/districts/chard.html,ok,49,34
Chatham,http://www.ukbmd.org.uk/reg/districts/chatham.html,ok,26,0
Cheadle,http://www.ukbmd.org.uk/reg/districts/cheadle.html,ok,43,15
Chelmsford,http://www.ukbmd.org.uk/reg/districts/chelmsford.html,ok,101,31
Chelsea (1837 only),http://www.ukbmd.org.uk/reg/districts/chelsea.html,ok,1,1
Chelsea (1841-1981),http://www.ukbmd.org.uk/reg/districts/chelsea.html,ok,1,1
Cheltenham,http://www.ukbmd.org.uk/reg/districts/cheltenham.html,ok,61,13
Chepstow,http://www.ukbmd.org.uk/reg/districts/chepstow.html,ok,45,40
Chertsey,http://www.ukbmd.org.uk/reg/districts/chertsey.html,ok,12,9
Cheshire East,http://www.ukbmd.org.uk/reg/districts/cheshire%20east.html,ok,75,0
Chester,http://www.ukbmd.org.uk/reg/districts/chester.html,ok,132,0
Chester & Ellesmere Port,http://www.ukbmd.org.uk/reg/districts/chester%20and%20ellesmere%20port.html,ok,122,0
Chester le Street,http://www.ukbmd.org.uk/reg/districts/chester-le-street.html,ok,28,20
Chesterfield,http://www.ukbmd.org.uk/reg/districts/chesterfield.html,ok,65,34
Chesterton,http://www.ukbmd.org.uk/reg/districts/chesterton.html,ok,40,38
Chichester,http://www.ukbmd.org.uk/reg/districts/chichester.html,ok,116,24
Chiltern & Beaconsfield,http://www.ukbmd.org.uk/reg/districts/chiltern%20and%20beaconsfield.html,ok,28,0
Chiltern & South Bucks,http://www.ukbmd.org.uk/reg/districts/chiltern%20and%20south%20bucks.html,ok,28,0
Chippenham,http://www.ukbmd.org.uk/reg/districts/chippenham.html,ok,79,29
Chipping Norton,http://www.ukbmd.org.uk/reg/districts/chipping%20norton.html,ok,55,34
Chipping Sodbury,http://www.ukbmd.org.uk/reg/districts/chipping%20sodbury.html,ok,33,23
Chorley,http://www.ukbmd.org.uk/reg/districts/chorley.html,ok,28,26
Chorlton,http://www.ukbmd.org.uk/reg/districts/chorlton.html,ok,19,12
Christchurch (1837-1925),http://www.ukbmd.org.uk/reg/districts/christchurch.html,ok,10,3
Christchurch (1932-1974),http://www.ukbmd.org.uk/reg/districts/christchurch.html,ok,10,3
Church Stretton,http://www.ukbmd.org.uk/reg/districts/church%20stretton.html,ok,16,14
Cirencester,http://www.ukbmd.org.uk/reg/districts/cirencester.html,ok,82,38
City of Westminster,http://www.ukbmd.org.uk/reg/districts/city%20of%20westminster.html,ok,1,0
Claro,http://www.ukbmd.org.uk/reg/districts/claro.html,ok,94,0
Cleethorpes,http://www.ukbmd.org.uk/reg/districts/cleethorpes.html,ok,23,0
Cleobury Mortimer,http://www.ukbmd.org.uk/reg/districts/cleobury%20mortimer.html,ok,18,17
Clerkenwell,http://www.ukbmd.org.uk/reg/districts/clerkenwell.html,ok,1,1
Cleveland,http://www.ukbmd.org.uk/reg/districts/cleveland.html,ok,63,0
Clifton,http://www.ukbmd.org.uk/reg/districts/clifton.html,ok,12,12
Clitheroe,http://www.ukbmd.org.uk/reg/districts/clitheroe.html,ok,38,35
Clun,http://www.ukbmd.org.uk/reg/districts/clun.html,ok,40,23
Clutton,http://www.ukbmd.org.uk/reg/districts/clutton.html,ok,30,29
Coalville,http://www.ukbmd.org.uk/reg/districts/coalville.html,ok,24,0
Cockermouth,http://www.ukbmd.org.uk/reg/districts/cockermouth.html,ok,58,50
Colchester,http://www.ukbmd.org.uk/reg/districts/colchester.html,ok,88,16
Colwyn,http://www.ukbmd.org.uk/reg/districts/colwyn.html,ok,0,0
Congleton,http://www.ukbmd.org.uk/reg/districts/congleton.html,ok,41,32
Congleton & Crewe,http://www.ukbmd.org.uk/reg/districts/congleton%20and%20crewe.html,ok,97,0
Conway (to 1937),http://www.ukbmd.org.uk/reg/districts/conway.html,ok,30,15
Conway Valley,http://www.ukbmd.org.uk/reg/districts/conway%20valley.html,ok,18,0
Cookham,http://www.ukbmd.org.uk/reg/districts/cookham.html,ok,8,7
Corby,http://www.ukbmd.org.uk/reg/districts/corby.html,ok,8,0
Corwen,http://www.ukbmd.org.uk/reg/districts/corwen.html,ok,18,15
Cosford,http://www.ukbmd.org.uk/reg/districts/cosford.html,ok,31,28
Coventry,http://www.ukbmd.org.uk/reg/districts/coventry.html,ok,7,2
Cranbrook,http://www.ukbmd.org.uk/reg/districts/cranbrook.html,ok,6,6
Crawley,http://www.ukbmd.org.uk/reg/districts/crawley.html,ok,4,0
Crediton,http://www.ukbmd.org.uk/reg/districts/crediton.html,ok,32,30
Crewe (1937-1974),http://www.ukbmd.org.uk/reg/districts/crewe.html,ok,90,0
Crickhowell,http://www.ukbmd.org.uk/reg/districts/crickhowell.html,ok,19,10
Cricklade,http://www.ukbmd.org.uk/reg/districts/cricklade.html,ok,19,14
Crosby (1934-1980),http://www.ukbmd.org.uk/reg/districts/crosby.html,ok,12,0
Croydon,http://www.ukbmd.org.uk/reg/districts/croydon.html,ok,18,11
Cuckfield,http://www.ukbmd.org.uk/reg/districts/cuckfield.html,ok,25,15
Dacorum,http://www.ukbmd.org.uk/reg/districts/dacorum.html,ok,17,0
Darlington,http://www.ukbmd.org.uk/reg/districts/darlington.html,ok,42,41
Dartford,http://www.ukbmd.org.uk/reg/districts/dartford.html,ok,35,21
Darwen,http://www.ukbmd.org.uk/reg/districts/darwen.html,ok,22,0
Daventry,http://www.ukbmd.org.uk/reg/districts/daventry.html,ok,39,28
De Meirionydd,http://www.ukbmd.org.uk/reg/districts/de%20meirionydd.html,ok,0,0
Deben,http://www.ukbmd.org.uk/reg/districts/deben.html,ok,53,0
Delyn,http://www.ukbmd.org.uk/reg/districts/delyn.html,ok,0,0
Denbighshire North,http://www.ukbmd.org.uk/reg/districts/denbighshire%20north.html,ok,0,0
Denbighshire South,http://www.ukbmd.org.uk/reg/districts/denbighshire%20south.html,ok,0,0
Deptford,http://www.ukbmd.org.uk/reg/districts/deptford.html,ok,1,0
Depwade,http://www.ukbmd.org.uk/reg/districts/depwade.html,ok,59,43
Derby,http://www.ukbmd.org.uk/reg/districts/derby.html,ok,11,7
Devizes,http://www.ukbmd.org.uk/reg/districts/devizes.html,ok,59,29
Devon Central,http://www.ukbmd.org.uk/reg/districts/devon%20central.html,ok,79,0
Devonport,http://www.ukbmd.org.uk/reg/districts/devonport.html,ok,1,0
Dewsbury,http://www.ukbmd.org.uk/reg/districts/dewsbury.html,ok,18,11
Docking,http://www.ukbmd.org.uk/reg/districts/docking.html,ok,41,37
Dolgelly,http://www.ukbmd.org.uk/reg/districts/dolgelly.html,ok,17,13
Don Valley,http://www.ukbmd.org.uk/reg/districts/don%20valley.html,ok,49,0
Doncaster,http://www.ukbmd.org.uk/reg/districts/doncaster.html,ok,61,56
Dorchester,http://www.ukbmd.org.uk/reg/districts/dorchester.html,ok,62,60
Dorking,http://www.ukbmd.org.uk/reg/districts/dorking.html,ok,13,8
Dover,http://www.ukbmd.org.uk/reg/districts/dover.html,ok,61,25
Downham,http://www.ukbmd.org.uk/reg/districts/downham.html,ok,43,33
Driffield,http://www.ukbmd.org.uk/reg/districts/driffield.html,ok,52,43
Droitwich,http://www.ukbmd.org.uk/reg/districts/droitwich.html,ok,44,32
Droxford,http://www.ukbmd.org.uk/reg/districts/droxford.html,ok,21,11
Dudley (1913-35),http://www.ukbmd.org.uk/reg/districts/dudley.html,ok,6,5
Dudley (1935-66),http://www.ukbmd.org.uk/reg/districts/dudley.html,ok,6,5
Dudley (1966 onw),http://www.ukbmd.org.uk/reg/districts/dudley.html,ok,6,5
Dudley (to 1912),http://www.ukbmd.org.uk/reg/districts/dudley.html,ok,6,5
Dulverton (1837 only),http://www.ukbmd.org.uk/reg/districts/dulverton.html,ok,12,0
Dulverton (1855-1936),http://www.ukbmd.org.uk/reg/districts/dulverton.html,ok,12,0
Dunmow,http://www.ukbmd.org.uk/reg/districts/dunmow.html,ok,28,25
Dunstable (1964-1999),http://www.ukbmd.org.uk/reg/districts/dunstable.html,ok,21,0
Durham (1837-1938),http://www.ukbmd.org.uk/reg/districts/durham.html,ok,53,46
Durham Central & South Eastern,http://www.ukbmd.org.uk/reg/districts/durham%20central%20and%20south%20eastern.html,ok,66,0
Durham Central (1938-1971),http://www.ukbmd.org.uk/reg/districts/durham%20central.html,ok,30,0
Durham Central (1974 onw),http://www.ukbmd.org.uk/reg/districts/durham%20central.html,ok,30,0
Durham Eastern,http://www.ukbmd.org.uk/reg/districts/durham%20eastern.html,ok,37,0
Durham North Eastern,http://www.ukbmd.org.uk/reg/districts/durham%20north%20eastern.html,ok,4,0
Durham North Western,http://www.ukbmd.org.uk/reg/districts/durham%20north%20western.html,ok,5,0
Durham Northern,http://www.ukbmd.org.uk/reg/districts/durham%20northern.html,ok,33,0
Durham South Eastern,http://www.ukbmd.org.uk/reg/districts/durham%20south%20eastern.html,ok,43,0
Durham South Western,http://www.ukbmd.org.uk/reg/districts/durham%20south%20western.html,ok,51,0
Durham Western,http://www.ukbmd.org.uk/reg/districts/durham%20western.html,ok,115,0
Dursley,http://www.ukbmd.org.uk/reg/districts/dursley.html,ok,11,10
Dwyfor,http://www.ukbmd.org.uk/reg/districts/dwyfor.html,ok,0,0
Dyffryn Conwy,http://www.ukbmd.org.uk/reg/districts/dyffryn%20conwy.html,ok,0,0
Ealing,http://www.ukbmd.org.uk/reg/districts/ealing.html,ok,7,0
Easington,http://www.ukbmd.org.uk/reg/districts/easington.html,ok,19,19
Easingwold,http://www.ukbmd.org.uk/reg/districts/easingwold.html,ok,35,31
East Ashford,http://www.ukbmd.org.uk/reg/districts/east%20ashford.html,ok,34,25
East Cleveland,http://www.ukbmd.org.uk/reg/districts/east%20cleveland.html,ok,7,0
East Dereham,http://www.ukbmd.org.uk/reg/districts/east%20dereham.html,ok,50,0
East Dorset,http://www.ukbmd.org.uk/reg/districts/east%20dorset.html,ok,31,0
East Elloe,http://www.ukbmd.org.uk/reg/districts/east%20elloe.html,ok,13,0
East Glamorgan,http://www.ukbmd.org.uk/reg/districts/east%20glamorgan.html,ok,35,0
East Grinstead,http://www.ukbmd.org.uk/reg/districts/east%20grinstead.html,ok,8,7
East Ham,http://www.ukbmd.org.uk/reg/districts/east%20ham.html,ok,1,0
East London,http://www.ukbmd.org.uk/reg/districts/east%20london.html,ok,5,5
East Preston,http://www.ukbmd.org.uk/reg/districts/east%20preston.html,ok,26,0
East Retford,http://www.ukbmd.org.uk/reg/districts/east%20retford.html,ok,63,50
East Staffordshire,http://www.ukbmd.org.uk/reg/districts/east%20staffordshire.html,ok,40,0
East Stonehouse,http://www.ukbmd.org.uk/reg/districts/east%20stonehouse.html,ok,1,1
East Ward,http://www.ukbmd.org.uk/reg/districts/east%20ward.html,ok,38,30
Eastbourne,http://www.ukbmd.org.uk/reg/districts/eastbourne.html,ok,60,14
Easthampstead (1837-1937),http://www.ukbmd.org.uk/reg/districts/easthampstead.html,ok,6,5
Easthampstead (1967-74),http://www.ukbmd.org.uk/reg/districts/easthampstead.html,ok,6,5
Eastleigh,http://www.ukbmd.org.uk/reg/districts/eastleigh.html,ok,11,0
Eastry,http://www.ukbmd.org.uk/reg/districts/eastry.html,ok,32,31
Ecclesall Bierlow,http://www.ukbmd.org.uk/reg/districts/ecclesall%20bierlow.html,ok,13,7
Ecclesfield (to 1850),http://www.ukbmd.org.uk/reg/districts/ecclesfield.html,ok,46,0
Edmonton,http://www.ukbmd.org.uk/reg/districts/edmonton.html,ok,16,5
Elham,http://www.ukbmd.org.uk/reg/districts/elham.html,ok,25,21
Ellesmere,http://www.ukbmd.org.uk/reg/districts/ellesmere.html,ok,23,18
Elstree & Potters Bar,http://www.ukbmd.org.uk/reg/districts/elstree%20and%20potters%20bar.html,ok,6,0
Ely,http://www.ukbmd.org.uk/reg/districts/ely.html,ok,19,16
Enfield,http://www.ukbmd.org.uk/reg/districts/enfield.html,ok,1,0
Epping,http://www.ukbmd.org.uk/reg/districts/epping.html,ok,51,17
Epping Forest,http://www.ukbmd.org.uk/reg/districts/epping%20forest.html,ok,29,0
Epsom,http://www.ukbmd.org.uk/reg/districts/epsom.html,ok,22,15
Erewash,http://www.ukbmd.org.uk/reg/districts/erewash.html,ok,16,0
Erpingham,http://www.ukbmd.org.uk/reg/districts/erpingham.html,ok,54,51
Essex South Western,http://www.ukbmd.org.uk/reg/districts/essex%20south%20western.html,ok,5,0
Eton,http://www.ukbmd.org.uk/reg/districts/eton.html,ok,25,19
Evesham,http://www.ukbmd.org.uk/reg/districts/evesham.html,ok,39,30
Ewecross,http://www.ukbmd.org.uk/reg/districts/ewecross.html,ok,45,0
Exeter,http://www.ukbmd.org.uk/reg/districts/exeter.html,ok,27,23
Exmoor,http://www.ukbmd.org.uk/reg/districts/exmoor.html,ok,43,0
Fakenham,http://www.ukbmd.org.uk/reg/districts/fakenham.html,ok,74,0
Falmouth,http://www.ukbmd.org.uk/reg/districts/falmouth.html,ok,14,10
Fareham,http://www.ukbmd.org.uk/reg/districts/fareham.html,ok,21,9
Faringdon,http://www.ukbmd.org.uk/reg/districts/faringdon.html,ok,32,29
Farnborough (1847-69),http://www.ukbmd.org.uk/reg/districts/farnborough.html,ok,11,11
Farnham,http://www.ukbmd.org.uk/reg/districts/farnham.html,ok,22,6
Farnworth (1935-1974),http://www.ukbmd.org.uk/reg/districts/farnworth.html,ok,8,0
Farringdon (1837-8),http://www.ukbmd.org.uk/reg/districts/farringdon.html,ok,14,0
Faversham,http://www.ukbmd.org.uk/reg/districts/faversham.html,ok,37,25
Fenland,http://www.ukbmd.org.uk/reg/districts/fenland.html,ok,19,0
Ffestiniog,http://www.ukbmd.org.uk/reg/districts/ffestiniog.html,ok,19,15
Finsbury (see Holborn before 1930),http://www.ukbmd.org.uk/reg/districts/finsbury.html,ok,1,0
Fleetwood,http://www.ukbmd.org.uk/reg/districts/fleetwood.html,ok,1,0
Flegg,http://www.ukbmd.org.uk/reg/districts/flegg.html,ok,21,20
Flintshire East,http://www.ukbmd.org.uk/reg/districts/flintshire%20east.html,ok,0,0
Flintshire West,http://www.ukbmd.org.uk/reg/districts/flintshire%20west.html,ok,0,0
Foleshill,http://www.ukbmd.org.uk/reg/districts/foleshill.html,ok,14,13
Folkestone (1941-1974),http://www.ukbmd.org.uk/reg/districts/folkestone.html,ok,30,0
Forden,http://www.ukbmd.org.uk/reg/districts/forden.html,ok,29,0
Fordingbridge,http://www.ukbmd.org.uk/reg/districts/fordingbridge.html,ok,12,12
Forehoe,http://www.ukbmd.org.uk/reg/districts/forehoe.html,ok,24,23
Forest of Dean,http://www.ukbmd.org.uk/reg/districts/forest%20of%20dean.html,ok,28,0
Freebridge Lynn,http://www.ukbmd.org.uk/reg/districts/freebridge%20lynn.html,ok,44,32
Frome,http://www.ukbmd.org.uk/reg/districts/frome.html,ok,34,29
Fulham,http://www.ukbmd.org.uk/reg/districts/fulham.html,ok,2,0
Fylde,http://www.ukbmd.org.uk/reg/districts/fylde.html,ok,31,23
Gainsborough,http://www.ukbmd.org.uk/reg/districts/gainsborough.html,ok,53,50
Garstang,http://www.ukbmd.org.uk/reg/districts/garstang.html,ok,23,23
Gateshead,http://www.ukbmd.org.uk/reg/districts/gateshead.html,ok,13,9
Gipping,http://www.ukbmd.org.uk/reg/districts/gipping.html,ok,50,0
Gipping & Hartismere,http://www.ukbmd.org.uk/reg/districts/gipping%20and%20hartismere.html,ok,103,0
Glanford Brigg,http://www.ukbmd.org.uk/reg/districts/glanford%20brigg.html,ok,59,54
Glendale,http://www.ukbmd.org.uk/reg/districts/glendale.html,ok,47,45
Glossop,http://www.ukbmd.org.uk/reg/districts/glossop.html,ok,5,0
Gloucester (1837-1937),http://www.ukbmd.org.uk/reg/districts/gloucester.html,ok,49,40
Gloucester (1974 onw),http://www.ukbmd.org.uk/reg/districts/gloucester.html,ok,49,40
Gloucester City,http://www.ukbmd.org.uk/reg/districts/gloucester%20city.html,ok,1,0
Gloucester Rural,http://www.ukbmd.org.uk/reg/districts/gloucester%20rural.html,ok,55,0
Glyndwr,http://www.ukbmd.org.uk/reg/districts/glyndwr.html,ok,0,0
Godstone,http://www.ukbmd.org.uk/reg/districts/godstone.html,ok,18,14
Goole,http://www.ukbmd.org.uk/reg/districts/goole.html,ok,21,17
Gosport,http://www.ukbmd.org.uk/reg/districts/gosport.html,ok,3,0
Gower,http://www.ukbmd.org.uk/reg/districts/gower.html,ok,19,0
Grantham & West Kesteven,http://www.ukbmd.org.uk/reg/districts/grantham%20and%20west%20kesteven.html,ok,48,0
Grantham (1837-1933),http://www.ukbmd.org.uk/reg/districts/grantham.html,ok,73,54
Grantham (1974 onw),http://www.ukbmd.org.uk/reg/districts/grantham.html,ok,73,54
Gravesend (1837-1941),http://www.ukbmd.org.uk/reg/districts/gravesend.html,ok,2,2
Gravesend (1980 onw),http://www.ukbmd.org.uk/reg/districts/gravesend.html,ok,2,2
Great Boughton,http://www.ukbmd.org.uk/reg/districts/great%20boughton.html,ok,113,113
Great Ouseburn,http://www.ukbmd.org.uk/reg/districts/great%20ouseburn.html,ok,48,0
Great Yarmouth (1939 onw),http://www.ukbmd.org.uk/reg/districts/great%20yarmouth.html,ok,26,0
Greenwich,http://www.ukbmd.org.uk/reg/districts/greenwich.html,ok,5,4
Grimsby,http://www.ukbmd.org.uk/reg/districts/grimsby.html,ok,27,0
Guildford,http://www.ukbmd.org.uk/reg/districts/guildford.html,ok,39,22
Guiltcross,http://www.ukbmd.org.uk/reg/districts/guiltcross.html,ok,21,21
Guisborough,http://www.ukbmd.org.uk/reg/districts/guisborough.html,ok,38,27
Hackney,http://www.ukbmd.org.uk/reg/districts/hackney.html,ok,2,2
Hailsham,http://www.ukbmd.org.uk/reg/districts/hailsham.html,ok,32,11
Halifax,http://www.ukbmd.org.uk/reg/districts/halifax.html,ok,34,19
Halstead,http://www.ukbmd.org.uk/reg/districts/halstead.html,ok,43,16
Halton,http://www.ukbmd.org.uk/reg/districts/halton.html,ok,7,0
Haltwhistle,http://www.ukbmd.org.uk/reg/districts/haltwhistle.html,ok,17,17
Hambledon,http://www.ukbmd.org.uk/reg/districts/hambledon.html,ok,21,16
Hammersmith,http://www.ukbmd.org.uk/reg/districts/hammersmith.html,ok,1,0
Hampstead,http://www.ukbmd.org.uk/reg/districts/hampstead.html,ok,1,1
Hardingstone,http://www.ukbmd.org.uk/reg/districts/hardingstone.html,ok,21,20
Haringey,http://www.ukbmd.org.uk/reg/districts/haringey.html,ok,1,0
Harlow,http://www.ukbmd.org.uk/reg/districts/harlow.html,ok,1,0
Harrow (1947 onw),http://www.ukbmd.org.uk/reg/districts/harrow.html,ok,2,0
Hartismere,http://www.ukbmd.org.uk/reg/districts/hartismere.html,ok,56,32
Hartlepool (1859-1938),http://www.ukbmd.org.uk/reg/districts/hartlepool.html,ok,16,0
Hartlepool (1967-74),http://www.ukbmd.org.uk/reg/districts/hartlepool.html,ok,16,0
Hartlepool (1996 onw),http://www.ukbmd.org.uk/reg/districts/hartlepool.html,ok,16,0
Hartley Wintney,http://www.ukbmd.org.uk/reg/districts/hartley%20wintney.html,ok,24,13
Harwich,http://www.ukbmd.org.uk/reg/districts/harwich.html,ok,10,0
Haslingden,http://www.ukbmd.org.uk/reg/districts/haslingden.html,ok,14,10
Hastings & Rother,http://www.ukbmd.org.uk/reg/districts/hastings%20and%20rother.html,ok,36,0
Hastings (1837-1977),http://www.ukbmd.org.uk/reg/districts/hastings.html,ok,20,13
Hatfield,http://www.ukbmd.org.uk/reg/districts/hatfield.html,ok,13,8
Havant,http://www.ukbmd.org.uk/reg/districts/havant.html,ok,10,6
Haverfordwest,http://www.ukbmd.org.uk/reg/districts/haverfordwest.html,ok,144,69
Havering,http://www.ukbmd.org.uk/reg/districts/havering.html,ok,1,0
Hawarden,http://www.ukbmd.org.uk/reg/districts/hawarden.html,ok,13,0
Hay,http://www.ukbmd.org.uk/reg/districts/hay.html,ok,26,24
Hayfield,http://www.ukbmd.org.uk/reg/districts/hayfield.html,ok,13,6
Haywards Heath,http://www.ukbmd.org.uk/reg/districts/haywards%20heath.html,ok,27,0
Headington,http://www.ukbmd.org.uk/reg/districts/headington.html,ok,33,22
Helmsley,http://www.ukbmd.org.uk/reg/districts/helmsley.html,ok,59,54
Helston,http://www.ukbmd.org.uk/reg/districts/helston.html,ok,19,18
Hemel Hempstead,http://www.ukbmd.org.uk/reg/districts/hemel%20hempstead.html,ok,11,6
Hemsworth,http://www.ukbmd.org.uk/reg/districts/hemsworth.html,ok,28,25
Hendon (1837-1947),http://www.ukbmd.org.uk/reg/districts/hendon.html,ok,21,9
Hendon (1947-1999),http://www.ukbmd.org.uk/reg/districts/hendon.html,ok,21,9
Henley,http://www.ukbmd.org.uk/reg/districts/henley.html,ok,44,24
Henstead,http://www.ukbmd.org.uk/reg/districts/henstead.html,ok,39,37
Hereford,http://www.ukbmd.org.uk/reg/districts/hereford.html,ok,89,80
Hertford,http://www.ukbmd.org.uk/reg/districts/hertford.html,ok,32,18
Hertford & Ware,http://www.ukbmd.org.uk/reg/districts/hertford%20and%20ware.html,ok,31,0
Hexham,http://www.ukbmd.org.uk/reg/districts/hexham.html,ok,74,72
Heywood,http://www.ukbmd.org.uk/reg/districts/heywood.html,ok,6,0
High Peak (1837 only),http://www.ukbmd.org.uk/reg/districts/high%20peak.html,ok,22,0
High Peak (1974 onw),http://www.ukbmd.org.uk/reg/districts/high%20peak.html,ok,22,0
Highworth,http://www.ukbmd.org.uk/reg/districts/highworth.html,ok,17,15
Hillingdon (1965 onw),http://www.ukbmd.org.uk/reg/districts/hillingdon.html,ok,1,0
Hinckley,http://www.ukbmd.org.uk/reg/districts/hinckley.html,ok,36,14
Hiraethog,http://www.ukbmd.org.uk/reg/districts/hiraethog.html,ok,11,0
Hitchin,http://www.ukbmd.org.uk/reg/districts/hitchin.html,ok,47,27
Hitchin & Stevenage,http://www.ukbmd.org.uk/reg/districts/hitchin%20and%20stevenage.html,ok,38,0
Holbeach,http://www.ukbmd.org.uk/reg/districts/holbeach.html,ok,15,11
Holbeck,http://www.ukbmd.org.uk/reg/districts/holbeck.html,ok,5,0
Holborn,http://www.ukbmd.org.uk/reg/districts/holborn.html,ok,13,8
Holderness,http://www.ukbmd.org.uk/reg/districts/holderness.html,ok,69,0
Hollingbourne,http://www.ukbmd.org.uk/reg/districts/hollingbourne.html,ok,25,23
Holsworthy,http://www.ukbmd.org.uk/reg/districts/holsworthy.html,ok,33,22
Holyhead,http://www.ukbmd.org.uk/reg/districts/holyhead.html,ok,29,0
Holywell,http://www.ukbmd.org.uk/reg/districts/holywell.html,ok,24,14
Honiton,http://www.ukbmd.org.uk/reg/districts/honiton.html,ok,50,28
Hoo,http://www.ukbmd.org.uk/reg/districts/hoo.html,ok,7,7
Horncastle,http://www.ukbmd.org.uk/reg/districts/horncastle.html,ok,72,69
Horsham,http://www.ukbmd.org.uk/reg/districts/horsham.html,ok,20,10
Horwich,http://www.ukbmd.org.uk/reg/districts/horwich.html,ok,4,0
Houghton le Spring,http://www.ukbmd.org.uk/reg/districts/houghton-le-spring.html,ok,17,16
Hounslow,http://www.ukbmd.org.uk/reg/districts/hounslow.html,ok,1,0
Hove (1935-1998),http://www.ukbmd.org.uk/reg/districts/hove.html,ok,6,0
Howden (1837-1937),http://www.ukbmd.org.uk/reg/districts/howden.html,ok,51,42
Howdenshire (1937-1974),http://www.ukbmd.org.uk/reg/districts/howdenshire.html,ok,67,0
Hoxne,http://www.ukbmd.org.uk/reg/districts/hoxne.html,ok,24,24
Huddersfield,http://www.ukbmd.org.uk/reg/districts/huddersfield.html,ok,42,34
Hull,http://www.ukbmd.org.uk/reg/districts/hull.html,ok,2,0
Hungerford,http://www.ukbmd.org.uk/reg/districts/hungerford.html,ok,23,22
Hunslet (1845-1929),http://www.ukbmd.org.uk/reg/districts/hunslet.html,ok,28,23
Huntingdon,http://www.ukbmd.org.uk/reg/districts/huntingdon.html,ok,91,33
Huntingdonshire North,http://www.ukbmd.org.uk/reg/districts/huntingdonshire%20north.html,ok,25,0
Hursley,http://www.ukbmd.org.uk/reg/districts/hursley.html,ok,4,0
Hyde (1937-1974),http://www.ukbmd.org.uk/reg/districts/hyde.html,ok,5,0
Hyndburn & Rossendale,http://www.ukbmd.org.uk/reg/districts/hyndburn%20and%20rossendale.html,ok,3,0
Ilford,http://www.ukbmd.org.uk/reg/districts/ilford.html,ok,2,0
Ilkeston,http://www.ukbmd.org.uk/reg/districts/ilkeston.html,ok,19,0
Ince,http://www.ukbmd.org.uk/reg/districts/ince.html,ok,15,0
Ipswich,http://www.ukbmd.org.uk/reg/districts/ipswich.html,ok,20,16
Isle of Wight,http://www.ukbmd.org.uk/reg/districts/isle%20of%20wight.html,ok,32,30
Isles of Scilly (1901 onw),http://www.ukbmd.org.uk/reg/districts/isles%20of%20scilly.html,ok,5,0
Islington,http://www.ukbmd.org.uk/reg/districts/islington.html,ok,1,1
Jarrow,http://www.ukbmd.org.uk/reg/districts/jarrow.html,ok,1,0
Keighley (1837-1946),http://www.ukbmd.org.uk/reg/districts/keighley.html,ok,14,7
Keighley (1974 onw),http://www.ukbmd.org.uk/reg/districts/keighley.html,ok,14,7
Kendal (1837-1937),http://www.ukbmd.org.uk/reg/districts/kendal.html,ok,64,58
Kendal (1974 onw),http://www.ukbmd.org.uk/reg/districts/kendal.html,ok,64,58
Kensington,http://www.ukbmd.org.uk/reg/districts/kensington.html,ok,5,4
Kensington & Chelsea,http://www.ukbmd.org.uk/reg/districts/kensington%20and%20chelsea.html,ok,1,0
Kerrier,http://www.ukbmd.org.uk/reg/districts/kerrier.html,ok,18,0
Kettering,http://www.ukbmd.org.uk/reg/districts/kettering.html,ok,94,30
Ketton,http://www.ukbmd.org.uk/reg/districts/ketton.html,ok,9,0
Keynsham,http://www.ukbmd.org.uk/reg/districts/keynsham.html,ok,26,19
Kidderminster,http://www.ukbmd.org.uk/reg/districts/kidderminster.html,ok,18,12
Kings Lynn,http://www.ukbmd.org.uk/reg/districts/kings%20lynn.html,ok,76,4
Kings Norton (1913-1924),http://www.ukbmd.org.uk/reg/districts/kings%20norton.html,ok,13,5
Kings Norton (to 1912),http://www.ukbmd.org.uk/reg/districts/kings%20norton.html,ok,13,5
Kingsbridge,http://www.ukbmd.org.uk/reg/districts/kingsbridge.html,ok,31,26
Kingsclere & Whitchurch (1932-2000),http://www.ukbmd.org.uk/reg/districts/kingsclere%20and%20whitchurch.html,ok,17,0
Kingsclere (1837-1932),http://www.ukbmd.org.uk/reg/districts/kingsclere.html,ok,19,15
Kingston,http://www.ukbmd.org.uk/reg/districts/kingston.html,ok,23,13
Kingston upon Thames,http://www.ukbmd.org.uk/reg/districts/kingston%20upon%20thames.html,ok,1,0
Kingswinford (1934-37),http://www.ukbmd.org.uk/reg/districts/kingswinford.html,ok,5,0
Kingswood (1937-74),http://www.ukbmd.org.uk/reg/districts/kingswood.html,ok,7,0
Kington (1837-8),http://www.ukbmd.org.uk/reg/districts/kington.html,ok,19,0
Kington (1870),http://www.ukbmd.org.uk/reg/districts/kington.html,ok,19,0
Kington (1871 onw),http://www.ukbmd.org.uk/reg/districts/kington.html,ok,19,0
Kirk Deighton,http://www.ukbmd.org.uk/reg/districts/kirk%20deighton.html,ok,6,0
Kirkstall,http://www.ukbmd.org.uk/reg/districts/kirkstall.html,ok,18,0
Knaresborough,http://www.ukbmd.org.uk/reg/districts/knaresborough.html,ok,68,58
Knighton,http://www.ukbmd.org.uk/reg/districts/knighton.html,ok,27,20
Knowsley,http://www.ukbmd.org.uk/reg/districts/knowsley.html,ok,8,0
Lambeth,http://www.ukbmd.org.uk/reg/districts/lambeth.html,ok,1,1
Lampeter,http://www.ukbmd.org.uk/reg/districts/lampeter.html,ok,16,14
Lancaster,http://www.ukbmd.org.uk/reg/districts/lancaster.html,ok,95,46
Lanchester (1837 only),http://www.ukbmd.org.uk/reg/districts/lanchester.html,ok,18,0
Lanchester (1875-1938),http://www.ukbmd.org.uk/reg/districts/lanchester.html,ok,18,0
Langport,http://www.ukbmd.org.uk/reg/districts/langport.html,ok,29,29
Launceston,http://www.ukbmd.org.uk/reg/districts/launceston.html,ok,35,21
Ledbury,http://www.ukbmd.org.uk/reg/districts/ledbury.html,ok,29,22
Leeds (1837-1929),http://www.ukbmd.org.uk/reg/districts/leeds.html,ok,24,1
Leeds (1939 onw),http://www.ukbmd.org.uk/reg/districts/leeds.html,ok,24,1
Leeds North,http://www.ukbmd.org.uk/reg/districts/leeds%20north.html,ok,3,0
Leeds South,http://www.ukbmd.org.uk/reg/districts/leeds%20south.html,ok,1,0
Leek,http://www.ukbmd.org.uk/reg/districts/leek.html,ok,35,22
Leicester (1837-1974),http://www.ukbmd.org.uk/reg/districts/leicester.html,ok,24,13
Leicestershire Central,http://www.ukbmd.org.uk/reg/districts/leicestershire%20central.html,ok,90,0
Leigh,http://www.ukbmd.org.uk/reg/districts/leigh.html,ok,12,10
Leighton Buzzard,http://www.ukbmd.org.uk/reg/districts/leighton%20buzzard.html,ok,26,16
Leominster,http://www.ukbmd.org.uk/reg/districts/leominster.html,ok,43,27
Lewes,http://www.ukbmd.org.uk/reg/districts/lewes.html,ok,69,43
Lewisham,http://www.ukbmd.org.uk/reg/districts/lewisham.html,ok,7,7
Lexden,http://www.ukbmd.org.uk/reg/districts/lexden.html,ok,42,35
Leyburn,http://www.ukbmd.org.uk/reg/districts/leyburn.html,ok,46,42
Lichfield,http://www.ukbmd.org.uk/reg/districts/lichfield.html,ok,68,36
Limehouse,http://www.ukbmd.org.uk/reg/districts/limehouse.html,ok,1,0
Lincoln,http://www.ukbmd.org.uk/reg/districts/lincoln.html,ok,106,99
Linton,http://www.ukbmd.org.uk/reg/districts/linton.html,ok,22,22
Liskeard,http://www.ukbmd.org.uk/reg/districts/liskeard.html,ok,33,26
Littleborough,http://www.ukbmd.org.uk/reg/districts/littleborough.html,ok,4,0
Liverpool (1837-1934),http://www.ukbmd.org.uk/reg/districts/liverpool.html,ok,1,1
Liverpool (1969 onw),http://www.ukbmd.org.uk/reg/districts/liverpool.html,ok,1,1
Liverpool North,http://www.ukbmd.org.uk/reg/districts/liverpool%20north.html,ok,1,0
Liverpool South,http://www.ukbmd.org.uk/reg/districts/liverpool%20south.html,ok,1,0
Llandilofawr,http://www.ukbmd.org.uk/reg/districts/llandilofawr.html,ok,18,12
Llandovery,http://www.ukbmd.org.uk/reg/districts/llandovery.html,ok,14,11
Llanelli (1974 onw),http://www.ukbmd.org.uk/reg/districts/llanelli.html,ok,0,0
Llanelly (to 1974),http://www.ukbmd.org.uk/reg/districts/llanelly.html,ok,14,9
Llanfyllin,http://www.ukbmd.org.uk/reg/districts/llanfyllin.html,ok,26,22
Llanrwst,http://www.ukbmd.org.uk/reg/districts/llanrwst.html,ok,21,18
Loddon,http://www.ukbmd.org.uk/reg/districts/loddon.html,ok,42,41
London City,http://www.ukbmd.org.uk/reg/districts/london%20city.html,ok,116,97
Long Ashton,http://www.ukbmd.org.uk/reg/districts/long%20ashton.html,ok,26,0
Longtown,http://www.ukbmd.org.uk/reg/districts/longtown.html,ok,15,14
Lothingland (1935-1974),http://www.ukbmd.org.uk/reg/districts/lothingland.html,ok,68,0
Loughborough,http://www.ukbmd.org.uk/reg/districts/loughborough.html,ok,77,26
Louth,http://www.ukbmd.org.uk/reg/districts/louth.html,ok,93,90
Lower Agbrigg,http://www.ukbmd.org.uk/reg/districts/lower%20agbrigg.html,ok,21,0
Ludlow,http://www.ukbmd.org.uk/reg/districts/ludlow.html,ok,48,32
Lunesdale,http://www.ukbmd.org.uk/reg/districts/lunesdale.html,ok,24,0
Luton,http://www.ukbmd.org.uk/reg/districts/luton.html,ok,32,12
Lutterworth,http://www.ukbmd.org.uk/reg/districts/lutterworth.html,ok,41,37
Lymington,http://www.ukbmd.org.uk/reg/districts/lymington.html,ok,12,7
Macclesfield,http://www.ukbmd.org.uk/reg/districts/macclesfield.html,ok,84,41
Machynlleth,http://www.ukbmd.org.uk/reg/districts/machynlleth.html,ok,12,11
Madeley,http://www.ukbmd.org.uk/reg/districts/madeley.html,ok,12,12
Maelor,http://www.ukbmd.org.uk/reg/districts/maelor.html,ok,11,0
Maidenhead,http://www.ukbmd.org.uk/reg/districts/maidenhead.html,ok,8,0
Maidstone,http://www.ukbmd.org.uk/reg/districts/maidstone.html,ok,78,16
Maldon (1837-1972),http://www.ukbmd.org.uk/reg/districts/maldon.html,ok,39,32
Maldon (1974 onw),http://www.ukbmd.org.uk/reg/districts/maldon.html,ok,39,32
Malling,http://www.ukbmd.org.uk/reg/districts/malling.html,ok,31,22
Malmesbury,http://www.ukbmd.org.uk/reg/districts/malmesbury.html,ok,36,23
Malton,http://www.ukbmd.org.uk/reg/districts/malton.html,ok,73,65
Malvern,http://www.ukbmd.org.uk/reg/districts/malvern.html,ok,27,0
Manchester (1837-1924),http://www.ukbmd.org.uk/reg/districts/manchester.html,ok,13,13
Manchester (1939 onw),http://www.ukbmd.org.uk/reg/districts/manchester.html,ok,13,13
Manchester North,http://www.ukbmd.org.uk/reg/districts/manchester%20north.html,ok,6,0
Manchester South,http://www.ukbmd.org.uk/reg/districts/manchester%20south.html,ok,1,0
Mansfield,http://www.ukbmd.org.uk/reg/districts/mansfield.html,ok,32,21
March,http://www.ukbmd.org.uk/reg/districts/march.html,ok,7,0
Market Bosworth,http://www.ukbmd.org.uk/reg/districts/market%20bosworth.html,ok,42,31
Market Drayton,http://www.ukbmd.org.uk/reg/districts/market%20drayton.html,ok,17,14
Market Harborough,http://www.ukbmd.org.uk/reg/districts/market%20harborough.html,ok,134,42
Marlborough,http://www.ukbmd.org.uk/reg/districts/marlborough.html,ok,35,18
Martley (from 1934),http://www.ukbmd.org.uk/reg/districts/martley.html,ok,33,29
Martley (to 1913),http://www.ukbmd.org.uk/reg/districts/martley.html,ok,33,29
Marylebone (1837-1901),http://www.ukbmd.org.uk/reg/districts/marylebone.html,ok,1,1
Matlock (1837-8),http://www.ukbmd.org.uk/reg/districts/matlock.html,ok,63,0
Medway (1837-1941),http://www.ukbmd.org.uk/reg/districts/medway.html,ok,11,7
Medway (1998 onw),http://www.ukbmd.org.uk/reg/districts/medway.html,ok,11,7
Melksham,http://www.ukbmd.org.uk/reg/districts/melksham.html,ok,10,6
Melton & Rutland,http://www.ukbmd.org.uk/reg/districts/melton%20and%20rutland.html,ok,84,0
Melton Mowbray,http://www.ukbmd.org.uk/reg/districts/melton%20mowbray.html,ok,77,56
Melton Mowbray (1997 onw),http://www.ukbmd.org.uk/reg/districts/melton%20mowbray.html,ok,77,56
Mendip,http://www.ukbmd.org.uk/reg/districts/mendip.html,ok,64,0
Mere,http://www.ukbmd.org.uk/reg/districts/mere.html,ok,31,12
Meriden,http://www.ukbmd.org.uk/reg/districts/meriden.html,ok,34,18
Merioneth East,http://www.ukbmd.org.uk/reg/districts/merioneth%20east.html,ok,12,0
Merioneth North,http://www.ukbmd.org.uk/reg/districts/merioneth%20north.html,ok,10,0
Merioneth South,http://www.ukbmd.org.uk/reg/districts/merioneth%20south.html,ok,17,0
Merthyr Tydfil,http://www.ukbmd.org.uk/reg/districts/merthyr%20tydfil.html,ok,10,9
Merton,http://www.ukbmd.org.uk/reg/districts/merton.html,ok,1,0
Mid Devon,http://www.ukbmd.org.uk/reg/districts/mid%20devon.html,ok,62,0
Mid Glamorgan,http://www.ukbmd.org.uk/reg/districts/mid%20glamorgan.html,ok,56,0
Mid Powys,http://www.ukbmd.org.uk/reg/districts/mid%20powys.html,ok,0,0
Mid Surrey,http://www.ukbmd.org.uk/reg/districts/mid%20surrey.html,ok,15,0
Mid Warwickshire,http://www.ukbmd.org.uk/reg/districts/mid%20warwickshire.html,ok,73,0
Middlesbrough (1875-1968),http://www.ukbmd.org.uk/reg/districts/middlesbrough.html,ok,13,0
Middlesbrough (1996 onw),http://www.ukbmd.org.uk/reg/districts/middlesbrough.html,ok,13,0
Middlesex South,http://www.ukbmd.org.uk/reg/districts/middlesex%20south.html,ok,11,0
Middleton (1933-74),http://www.ukbmd.org.uk/reg/districts/middleton.html,ok,4,0
Midhurst & Petworth,http://www.ukbmd.org.uk/reg/districts/midhurst%20and%20petworth.html,ok,39,0
Midhurst (to 1935),http://www.ukbmd.org.uk/reg/districts/midhurst.html,ok,30,23
Mildenhall,http://www.ukbmd.org.uk/reg/districts/mildenhall.html,ok,13,13
Mile End Old Town,http://www.ukbmd.org.uk/reg/districts/mile%20end%20old%20town.html,ok,1,0
Millom,http://www.ukbmd.org.uk/reg/districts/millom.html,ok,10,0
Milton,http://www.ukbmd.org.uk/reg/districts/milton.html,ok,20,19
Milton Keynes,http://www.ukbmd.org.uk/reg/districts/milton%20keynes.html,ok,65,0
Mitford,http://www.ukbmd.org.uk/reg/districts/mitford.html,ok,62,60
Monmouth (1837-1939),http://www.ukbmd.org.uk/reg/districts/monmouth.html,ok,42,33
Monmouthshire,http://www.ukbmd.org.uk/reg/districts/monmouthshire.html,ok,0,0
Montgomery,http://www.ukbmd.org.uk/reg/districts/montgomery.html,ok,25,25
Morpeth,http://www.ukbmd.org.uk/reg/districts/morpeth.html,ok,77,71
Mutford,http://www.ukbmd.org.uk/reg/districts/mutford.html,ok,25,24
Nantwich,http://www.ukbmd.org.uk/reg/districts/nantwich.html,ok,109,86
Narberth,http://www.ukbmd.org.uk/reg/districts/narberth.html,ok,77,51
Neath (1837-1970),http://www.ukbmd.org.uk/reg/districts/neath.html,ok,33,30
Neath (1974 onw),http://www.ukbmd.org.uk/reg/districts/neath.html,ok,33,30
Neath Port Talbot,http://www.ukbmd.org.uk/reg/districts/neath-port-talbot.html,ok,0,0
Nelson (1936-1974),http://www.ukbmd.org.uk/reg/districts/nelson.html,ok,26,0
New Forest,http://www.ukbmd.org.uk/reg/districts/new%20forest.html,ok,45,10
Newark,http://www.ukbmd.org.uk/reg/districts/newark.html,ok,61,51
Newbury,http://www.ukbmd.org.uk/reg/districts/newbury.html,ok,50,18
Newcastle in Emlyn,http://www.ukbmd.org.uk/reg/districts/newcastle%20in%20emlyn.html,ok,28,22
Newcastle under Lyme,http://www.ukbmd.org.uk/reg/districts/newcastle%20under%20lyme.html,ok,23,9
Newcastle upon Tyne,http://www.ukbmd.org.uk/reg/districts/newcastle%20upon%20tyne.html,ok,14,11
Newent,http://www.ukbmd.org.uk/reg/districts/newent.html,ok,18,18
Newham,http://www.ukbmd.org.uk/reg/districts/newham.html,ok,1,0
Newhaven (1837-39),http://www.ukbmd.org.uk/reg/districts/newhaven.html,ok,16,0
Newhaven (1901-35),http://www.ukbmd.org.uk/reg/districts/newhaven.html,ok,16,0
Newington,http://www.ukbmd.org.uk/reg/districts/newington.html,ok,1,1
Newmarket (1938-1989),http://www.ukbmd.org.uk/reg/districts/newmarket.html,ok,70,29
Newmarket (to 1938),http://www.ukbmd.org.uk/reg/districts/newmarket.html,ok,70,29
Newport M,http://www.ukbmd.org.uk/reg/districts/newport2.html,ok,45,40
Newport Pagnell,http://www.ukbmd.org.uk/reg/districts/newport%20pagnell.html,ok,57,49
Newport S,http://www.ukbmd.org.uk/reg/districts/newport1.html,ok,29,16
Newton,http://www.ukbmd.org.uk/reg/districts/newton.html,ok,12,0
Newton Abbot,http://www.ukbmd.org.uk/reg/districts/newton%20abbot.html,ok,78,39
Newtown,http://www.ukbmd.org.uk/reg/districts/newtown.html,ok,18,17
North Aylesford,http://www.ukbmd.org.uk/reg/districts/north%20aylesford.html,ok,15,15
North Bierley,http://www.ukbmd.org.uk/reg/districts/north%20bierley.html,ok,25,0
North Bucks,http://www.ukbmd.org.uk/reg/districts/north%20bucks.html,ok,99,0
North Cleveland,http://www.ukbmd.org.uk/reg/districts/north%20cleveland.html,ok,9,0
North Cotswold,http://www.ukbmd.org.uk/reg/districts/north%20cotswold.html,ok,38,0
North Devon,http://www.ukbmd.org.uk/reg/districts/north%20devon.html,ok,64,0
North Dorset,http://www.ukbmd.org.uk/reg/districts/north%20dorset.html,ok,107,0
North East Cheshire,http://www.ukbmd.org.uk/reg/districts/north%20east%20cheshire.html,ok,5,0
North East Hampshire,http://www.ukbmd.org.uk/reg/districts/north%20east%20hampshire.html,ok,21,0
North East Lincolnshire,http://www.ukbmd.org.uk/reg/districts/north%20east%20lincolnshire.html,ok,22,0
North Kesteven,http://www.ukbmd.org.uk/reg/districts/north%20kesteven.html,ok,32,0
North Lincolnshire,http://www.ukbmd.org.uk/reg/districts/north%20lincolnshire.html,ok,59,0
North Shropshire,http://www.ukbmd.org.uk/reg/districts/north%20shropshire.html,ok,30,0
North Somerset,http://www.ukbmd.org.uk/reg/districts/north%20somerset.html,ok,43,0
North Surrey,http://www.ukbmd.org.uk/reg/districts/north%20surrey.html,ok,11,0
North Tyneside,http://www.ukbmd.org.uk/reg/districts/north%20tyneside.html,ok,1,0
North Tyneside East,http://www.ukbmd.org.uk/reg/districts/north%20tyneside%20east.html,ok,1,0
North Tyneside West,http://www.ukbmd.org.uk/reg/districts/north%20tyneside%20west.html,ok,1,0
North Walsham,http://www.ukbmd.org.uk/reg/districts/north%20walsham.html,ok,86,0
North Warwickshire,http://www.ukbmd.org.uk/reg/districts/north%20warwickshire.html,ok,34,0
North Witchford,http://www.ukbmd.org.uk/reg/districts/north%20witchford.html,ok,7,7
Northallerton,http://www.ukbmd.org.uk/reg/districts/northallerton.html,ok,67,43
Northampton & Hardingstone,http://www.ukbmd.org.uk/reg/districts/northampton%20and%20hardingstone.html,ok,34,0
Northampton (1837-1923),http://www.ukbmd.org.uk/reg/districts/northampton.html,ok,24,19
Northampton (1936 onw),http://www.ukbmd.org.uk/reg/districts/northampton.html,ok,24,19
Northleach,http://www.ukbmd.org.uk/reg/districts/northleach.html,ok,35,30
Northumberland Central,http://www.ukbmd.org.uk/reg/districts/northumberland%20central.html,ok,141,0
Northumberland North First,http://www.ukbmd.org.uk/reg/districts/northumberland%20north%20first.html,ok,103,0
Northumberland North Second,http://www.ukbmd.org.uk/reg/districts/northumberland%20north%20second.html,ok,133,0
Northumberland South,http://www.ukbmd.org.uk/reg/districts/northumberland%20south.html,ok,14,0
Northumberland West,http://www.ukbmd.org.uk/reg/districts/northumberland%20west.html,ok,124,0
Northwich,http://www.ukbmd.org.uk/reg/districts/northwich.html,ok,72,60
Norton Radstock,http://www.ukbmd.org.uk/reg/districts/norton%20radstock.html,ok,25,0
Norwich,http://www.ukbmd.org.uk/reg/districts/norwich.html,ok,197,43
Norwich Outer,http://www.ukbmd.org.uk/reg/districts/norwich%20outer.html,ok,150,0
Nottingham,http://www.ukbmd.org.uk/reg/districts/nottingham.html,ok,13,5
Nuneaton,http://www.ukbmd.org.uk/reg/districts/nuneaton.html,ok,16,9
Nuneaton & Bedworth,http://www.ukbmd.org.uk/reg/districts/nuneaton%20and%20bedworth.html,ok,1,0
Oakham,http://www.ukbmd.org.uk/reg/districts/oakham.html,ok,33,31
Ogwr,http://www.ukbmd.org.uk/reg/districts/ogwr.html,ok,0,0
Okehampton,http://www.ukbmd.org.uk/reg/districts/okehampton.html,ok,30,28
Oldbury,http://www.ukbmd.org.uk/reg/districts/oldbury.html,ok,1,0
Oldham,http://www.ukbmd.org.uk/reg/districts/oldham.html,ok,10,8
Ongar,http://www.ukbmd.org.uk/reg/districts/ongar.html,ok,26,26
Ormskirk,http://www.ukbmd.org.uk/reg/districts/ormskirk.html,ok,24,21
Orsett,http://www.ukbmd.org.uk/reg/districts/orsett.html,ok,23,18
Oswestry,http://www.ukbmd.org.uk/reg/districts/oswestry.html,ok,32,14
Otley,http://www.ukbmd.org.uk/reg/districts/otley.html,ok,39,39
Oundle,http://www.ukbmd.org.uk/reg/districts/oundle.html,ok,45,37
Oundle & Thrapston,http://www.ukbmd.org.uk/reg/districts/oundle%20and%20thrapston.html,ok,51,0
Overton,http://www.ukbmd.org.uk/reg/districts/overton.html,ok,11,0
Oxford,http://www.ukbmd.org.uk/reg/districts/oxford.html,ok,15,11
Paddington,http://www.ukbmd.org.uk/reg/districts/paddington.html,ok,1,0
Pancras (1837-1901),http://www.ukbmd.org.uk/reg/districts/pancras.html,ok,1,1
Pateley Bridge,http://www.ukbmd.org.uk/reg/districts/pateley%20bridge.html,ok,14,11
Patrington,http://www.ukbmd.org.uk/reg/districts/patrington.html,ok,29,27
Pembroke,http://www.ukbmd.org.uk/reg/districts/pembroke.html,ok,31,29
Penistone (1911-1946),http://www.ukbmd.org.uk/reg/districts/penistone.html,ok,18,0
Penkridge,http://www.ukbmd.org.uk/reg/districts/penkridge.html,ok,22,22
Penllyn,http://www.ukbmd.org.uk/reg/districts/penllyn.html,ok,0,0
Penrith,http://www.ukbmd.org.uk/reg/districts/penrith.html,ok,44,39
Penzance,http://www.ukbmd.org.uk/reg/districts/penzance.html,ok,29,20
Pershore,http://www.ukbmd.org.uk/reg/districts/pershore.html,ok,44,39
Peterborough,http://www.ukbmd.org.uk/reg/districts/peterborough.html,ok,67,42
Petersfield,http://www.ukbmd.org.uk/reg/districts/petersfield.html,ok,24,13
Petworth (to 1935),http://www.ukbmd.org.uk/reg/districts/petworth.html,ok,17,5
Pewsey,http://www.ukbmd.org.uk/reg/districts/pewsey.html,ok,29,23
Pickering,http://www.ukbmd.org.uk/reg/districts/pickering.html,ok,30,25
Plomesgate,http://www.ukbmd.org.uk/reg/districts/plomesgate.html,ok,42,42
Ploughley & Bullingdon,http://www.ukbmd.org.uk/reg/districts/ploughley%20and%20bullingdon.html,ok,102,0
Ploughley (1964 onw),http://www.ukbmd.org.uk/reg/districts/ploughley.html,ok,43,0
Plymouth,http://www.ukbmd.org.uk/reg/districts/plymouth.html,ok,18,2
Plympton (1936-74),http://www.ukbmd.org.uk/reg/districts/plympton.html,ok,19,0
Plympton St Mary,http://www.ukbmd.org.uk/reg/districts/plympton%20st%20mary.html,ok,28,20
Pocklington (1837-1937),http://www.ukbmd.org.uk/reg/districts/pocklington.html,ok,57,47
Pocklington (1974 onw),http://www.ukbmd.org.uk/reg/districts/pocklington.html,ok,57,47
Pontardawe,http://www.ukbmd.org.uk/reg/districts/pontardawe.html,ok,7,0
Pontefract,http://www.ukbmd.org.uk/reg/districts/pontefract.html,ok,64,44
Pontypool,http://www.ukbmd.org.uk/reg/districts/pontypool.html,ok,51,22
Pontypridd,http://www.ukbmd.org.uk/reg/districts/pontypridd.html,ok,11,0
Poole (1959 onw),http://www.ukbmd.org.uk/reg/districts/poole.html,ok,101,8
Poole (to 1958),http://www.ukbmd.org.uk/reg/districts/poole.html,ok,101,8
Poplar & Bethnal Green,http://www.ukbmd.org.uk/reg/districts/poplar%20and%20bethnal%20green.html,ok,1,0
Poplar (to 1965),http://www.ukbmd.org.uk/reg/districts/poplar.html,ok,4,3
Portsea Island (1837-1900),http://www.ukbmd.org.uk/reg/districts/portsea%20island.html,ok,3,3
Portsmouth (1900 onw),http://www.ukbmd.org.uk/reg/districts/portsmouth.html,ok,4,0
Potterspury,http://www.ukbmd.org.uk/reg/districts/potterspury.html,ok,15,15
Prescot,http://www.ukbmd.org.uk/reg/districts/prescot.html,ok,24,20
Presteigne (1837-77),http://www.ukbmd.org.uk/reg/districts/presteigne.html,ok,42,41
Preston,http://www.ukbmd.org.uk/reg/districts/preston.html,ok,32,28
Preston & South Ribble,http://www.ukbmd.org.uk/reg/districts/preston%20and%20south%20ribble.html,ok,25,0
Prestwich,http://www.ukbmd.org.uk/reg/districts/prestwich.html,ok,16,0
Pwllheli & Porthmadog,http://www.ukbmd.org.uk/reg/districts/pwllheli%20and%20porthmadog.html,ok,0,0
Pwllheli & Portmadoc,http://www.ukbmd.org.uk/reg/districts/pwllheli%20and%20portmadoc.html,ok,18,0
Pwllheli (to 1937),http://www.ukbmd.org.uk/reg/districts/pwllheli.html,ok,41,33
Radford,http://www.ukbmd.org.uk/reg/districts/radford.html,ok,5,4
Radnorshire East,http://www.ukbmd.org.uk/reg/districts/radnorshire%20east.html,ok,27,0
Radnorshire West,http://www.ukbmd.org.uk/reg/districts/radnorshire%20west.html,ok,36,0
Reading & Wokingham,http://www.ukbmd.org.uk/reg/districts/reading%20and%20wokingham.html,ok,40,0
Reading (1837-1974),http://www.ukbmd.org.uk/reg/districts/reading.html,ok,5,3
Redbridge (1965 onw),http://www.ukbmd.org.uk/reg/districts/redbridge.html,ok,1,0
Redcar & Cleveland,http://www.ukbmd.org.uk/reg/districts/redcar%20and%20cleveland.html,ok,6,0
Redditch,http://www.ukbmd.org.uk/reg/districts/redditch.html,ok,1,0
Redruth (to 1974),http://www.ukbmd.org.uk/reg/districts/redruth.html,ok,14,8
Reeth,http://www.ukbmd.org.uk/reg/districts/reeth.html,ok,7,7
Reigate,http://www.ukbmd.org.uk/reg/districts/reigate.html,ok,22,16
Repton (1937-1974),http://www.ukbmd.org.uk/reg/districts/repton.html,ok,45,0
Rhayader,http://www.ukbmd.org.uk/reg/districts/rhayader.html,ok,12,10
Rhuddlan,http://www.ukbmd.org.uk/reg/districts/rhuddlan.html,ok,0,0
Ribble Valley,http://www.ukbmd.org.uk/reg/districts/ribble%20valley.html,ok,44,0
Richmond Sry,http://www.ukbmd.org.uk/reg/districts/richmond1.html,ok,6,5
Richmond upon Thames,http://www.ukbmd.org.uk/reg/districts/richmond%20upon%20thames.html,ok,1,0
Richmond Yk,http://www.ukbmd.org.uk/reg/districts/richmond2.html,ok,74,41
Ringwood & Fordingbridge,http://www.ukbmd.org.uk/reg/districts/ringwood%20and%20fordingbridge.html,ok,18,0
Ringwood (to 1932),http://www.ukbmd.org.uk/reg/districts/ringwood.html,ok,8,6
Ripon,http://www.ukbmd.org.uk/reg/districts/ripon.html,ok,69,55
Risbridge,http://www.ukbmd.org.uk/reg/districts/risbridge.html,ok,27,27
Rochdale,http://www.ukbmd.org.uk/reg/districts/rochdale.html,ok,18,6
Rochford,http://www.ukbmd.org.uk/reg/districts/rochford.html,ok,37,27
Romford,http://www.ukbmd.org.uk/reg/districts/romford.html,ok,17,10
Romney Marsh,http://www.ukbmd.org.uk/reg/districts/romney%20marsh.html,ok,23,19
Romsey & Stockbridge,http://www.ukbmd.org.uk/reg/districts/romsey%20and%20stockbridge.html,ok,30,0
Romsey (1837-1932),http://www.ukbmd.org.uk/reg/districts/romsey.html,ok,18,13
Romsey (1974 onw),http://www.ukbmd.org.uk/reg/districts/romsey.html,ok,18,13
Ross,http://www.ukbmd.org.uk/reg/districts/ross.html,ok,42,29
Rothbury,http://www.ukbmd.org.uk/reg/districts/rothbury.html,ok,73,71
Rother Valley,http://www.ukbmd.org.uk/reg/districts/rother%20valley.html,ok,36,0
Rotherham,http://www.ukbmd.org.uk/reg/districts/rotherham.html,ok,44,27
Rotherhithe (to 1869),http://www.ukbmd.org.uk/reg/districts/rotherhithe.html,ok,1,1
Rowley Regis,http://www.ukbmd.org.uk/reg/districts/rowley%20regis.html,ok,8,0
Royston,http://www.ukbmd.org.uk/reg/districts/royston.html,ok,53,45
Rugby,http://www.ukbmd.org.uk/reg/districts/rugby.html,ok,58,42
Runcorn,http://www.ukbmd.org.uk/reg/districts/runcorn.html,ok,53,37
Rushcliffe,http://www.ukbmd.org.uk/reg/districts/rushcliffe.html,ok,62,0
Ruthin,http://www.ukbmd.org.uk/reg/districts/ruthin.html,ok,43,21
Rutland (1974-1995),http://www.ukbmd.org.uk/reg/districts/rutland.html,ok,60,0
Rutland (1997 onw),http://www.ukbmd.org.uk/reg/districts/rutland.html,ok,60,0
Rye,http://www.ukbmd.org.uk/reg/districts/rye.html,ok,13,11
Ryedale,http://www.ukbmd.org.uk/reg/districts/ryedale.html,ok,105,0
Saddleworth,http://www.ukbmd.org.uk/reg/districts/saddleworth.html,ok,5,1
Saffron Walden,http://www.ukbmd.org.uk/reg/districts/saffron%20walden.html,ok,35,24
Salford,http://www.ukbmd.org.uk/reg/districts/salford.html,ok,14,4
Salisbury (1837-69),http://www.ukbmd.org.uk/reg/districts/salisbury.html,ok,3,3
Salisbury (1895 onw),http://www.ukbmd.org.uk/reg/districts/salisbury.html,ok,3,3
Samford,http://www.ukbmd.org.uk/reg/districts/samford.html,ok,48,28
Sandwell,http://www.ukbmd.org.uk/reg/districts/sandwell.html,ok,1,0
Scarborough,http://www.ukbmd.org.uk/reg/districts/scarborough.html,ok,33,32
Scilly Islands,http://www.ukbmd.org.uk/reg/districts/scilly.html,ok,5,5
Sculcoates,http://www.ukbmd.org.uk/reg/districts/sculcoates.html,ok,33,20
Scunthorpe (1938-1996),http://www.ukbmd.org.uk/reg/districts/scunthorpe.html,ok,58,0
Sedbergh,http://www.ukbmd.org.uk/reg/districts/sedbergh.html,ok,3,3
Sedgefield (1837 only),http://www.ukbmd.org.uk/reg/districts/sedgefield.html,ok,23,0
Sedgefield (1896-1938),http://www.ukbmd.org.uk/reg/districts/sedgefield.html,ok,23,0
Sedgemoor,http://www.ukbmd.org.uk/reg/districts/sedgemoor.html,ok,57,0
Sefton North,http://www.ukbmd.org.uk/reg/districts/sefton%20north.html,ok,1,0
Sefton South,http://www.ukbmd.org.uk/reg/districts/sefton%20south.html,ok,14,0
Seisdon (1837-8),http://www.ukbmd.org.uk/reg/districts/seisdon.html,ok,13,0
Seisdon (1966-74),http://www.ukbmd.org.uk/reg/districts/seisdon.html,ok,13,0
Selby,http://www.ukbmd.org.uk/reg/districts/selby.html,ok,33,27
Settle,http://www.ukbmd.org.uk/reg/districts/settle.html,ok,50,31
Sevenoaks,http://www.ukbmd.org.uk/reg/districts/sevenoaks.html,ok,24,17
Shaftesbury,http://www.ukbmd.org.uk/reg/districts/shaftesbury.html,ok,26,19
Shardlow,http://www.ukbmd.org.uk/reg/districts/shardlow.html,ok,78,48
Sheffield,http://www.ukbmd.org.uk/reg/districts/sheffield.html,ok,6,4
Sheppey,http://www.ukbmd.org.uk/reg/districts/sheppey.html,ok,11,7
Shepton Mallet,http://www.ukbmd.org.uk/reg/districts/shepton%20mallet.html,ok,28,24
Shepway,http://www.ukbmd.org.uk/reg/districts/shepway.html,ok,29,0
Sherborne,http://www.ukbmd.org.uk/reg/districts/sherborne.html,ok,31,30
Shifnal,http://www.ukbmd.org.uk/reg/districts/shifnal.html,ok,19,16
Shipston on Stour,http://www.ukbmd.org.uk/reg/districts/shipston%20on%20stour.html,ok,42,36
Shoreditch,http://www.ukbmd.org.uk/reg/districts/shoreditch.html,ok,1,1
Shrewsbury (1837-71),http://www.ukbmd.org.uk/reg/districts/shrewsbury.html,ok,6,6
Shrewsbury (1935 onw),http://www.ukbmd.org.uk/reg/districts/shrewsbury.html,ok,6,6
Sidcup,http://www.ukbmd.org.uk/reg/districts/sidcup.html,ok,2,0
Sittingbourne (1941 onw),http://www.ukbmd.org.uk/reg/districts/sittingbourne.html,ok,40,0
Skipton (to 1946),http://www.ukbmd.org.uk/reg/districts/skipton.html,ok,58,50
Skirlaugh,http://www.ukbmd.org.uk/reg/districts/skirlaugh.html,ok,52,42
Sleaford & East Kesteven,http://www.ukbmd.org.uk/reg/districts/sleaford%20and%20east%20kesteven.html,ok,45,0
Sleaford (1974 onw),http://www.ukbmd.org.uk/reg/districts/sleaford.html,ok,69,59
Sleaford (to 1933),http://www.ukbmd.org.uk/reg/districts/sleaford.html,ok,69,59
Slough,http://www.ukbmd.org.uk/reg/districts/slough.html,ok,6,0
Smallburgh,http://www.ukbmd.org.uk/reg/districts/smallburgh.html,ok,43,0
Smethwick,http://www.ukbmd.org.uk/reg/districts/smethwick.html,ok,2,0
Sodbury (1937-1996),http://www.ukbmd.org.uk/reg/districts/sodbury.html,ok,25,0
Solihull,http://www.ukbmd.org.uk/reg/districts/solihull.html,ok,16,11
Solihull North,http://www.ukbmd.org.uk/reg/districts/solihull%20north.html,ok,12,0
Solihull South,http://www.ukbmd.org.uk/reg/districts/solihull%20south.html,ok,1,0
South Cheshire,http://www.ukbmd.org.uk/reg/districts/south%20cheshire.html,ok,93,0
South Derbyshire,http://www.ukbmd.org.uk/reg/districts/south%20derbyshire.html,ok,52,0
South Dorset,http://www.ukbmd.org.uk/reg/districts/south%20dorset.html,ok,89,0
South East Hampshire,http://www.ukbmd.org.uk/reg/districts/south%20east%20hampshire.html,ok,3,0
South East Surrey,http://www.ukbmd.org.uk/reg/districts/south%20east%20surrey.html,ok,27,0
South Glamorgan,http://www.ukbmd.org.uk/reg/districts/south%20glamorgan.html,ok,0,0
South Gloucestershire,http://www.ukbmd.org.uk/reg/districts/south%20gloucestershire.html,ok,49,0
South Molton,http://www.ukbmd.org.uk/reg/districts/south%20molton.html,ok,33,30
South Pembrokeshire,http://www.ukbmd.org.uk/reg/districts/south%20pembrokeshire.html,ok,0,0
South Shields,http://www.ukbmd.org.uk/reg/districts/south%20shields.html,ok,11,6
South Staffordshire,http://www.ukbmd.org.uk/reg/districts/south%20staffordshire.html,ok,38,0
South Stoneham,http://www.ukbmd.org.uk/reg/districts/south%20stoneham.html,ok,18,9
South Warwickshire,http://www.ukbmd.org.uk/reg/districts/south%20warwickshire.html,ok,88,0
Southam,http://www.ukbmd.org.uk/reg/districts/southam.html,ok,32,26
Southampton,http://www.ukbmd.org.uk/reg/districts/southampton.html,ok,12,6
Southend on Sea,http://www.ukbmd.org.uk/reg/districts/southend%20on%20sea.html,ok,19,0
Southport,http://www.ukbmd.org.uk/reg/districts/southport.html,ok,1,0
Southwark(1901 onw),http://www.ukbmd.org.uk/reg/districts/southwark.html,ok,5,0
Southwell,http://www.ukbmd.org.uk/reg/districts/southwell.html,ok,68,62
Spalding,http://www.ukbmd.org.uk/reg/districts/spalding.html,ok,11,9
Spen Valley,http://www.ukbmd.org.uk/reg/districts/spen%20valley.html,ok,8,0
Spilsby,http://www.ukbmd.org.uk/reg/districts/spilsby.html,ok,75,66
St Albans,http://www.ukbmd.org.uk/reg/districts/st%20albans.html,ok,26,8
St Asaph,http://www.ukbmd.org.uk/reg/districts/st%20asaph.html,ok,29,16
St Austell,http://www.ukbmd.org.uk/reg/districts/st%20austell.html,ok,38,15
St Columb,http://www.ukbmd.org.uk/reg/districts/st%20columb.html,ok,24,16
St Faiths,http://www.ukbmd.org.uk/reg/districts/st%20faiths.html,ok,31,30
St George Hanover Square,http://www.ukbmd.org.uk/reg/districts/st%20george%20hanover%20square.html,ok,5,1
St George in the East,http://www.ukbmd.org.uk/reg/districts/st%20george%20in%20the%20east.html,ok,1,1
St George Southwark,http://www.ukbmd.org.uk/reg/districts/st%20george%20southwark.html,ok,1,1
St Germans,http://www.ukbmd.org.uk/reg/districts/st%20germans.html,ok,22,13
St Giles,http://www.ukbmd.org.uk/reg/districts/st%20giles.html,ok,1,1
St Helens,http://www.ukbmd.org.uk/reg/districts/st%20helens.html,ok,1,0
St Ives,http://www.ukbmd.org.uk/reg/districts/st%20ives.html,ok,27,24
St James Westminster,http://www.ukbmd.org.uk/reg/districts/st%20james%20westminster.html,ok,2,1
St Luke,http://www.ukbmd.org.uk/reg/districts/st%20luke.html,ok,1,1
St Martin (1913-33),http://www.ukbmd.org.uk/reg/districts/st%20martin.html,ok,9,0
St Martin in the Fields,http://www.ukbmd.org.uk/reg/districts/st%20martin%20in%20the%20fields.html,ok,1,1
St Marylebone (1902-1977),http://www.ukbmd.org.uk/reg/districts/st%20marylebone.html,ok,1,0
St Neots,http://www.ukbmd.org.uk/reg/districts/st%20neots.html,ok,39,29
St Olave Bermondsey (1902-1934),http://www.ukbmd.org.uk/reg/districts/st%20olave%20bermondsey.html,ok,4,0
St Olave Southwark (1837-1901),http://www.ukbmd.org.uk/reg/districts/st%20olave%20southwark.html,ok,6,3
St Pancras (1902-1977),http://www.ukbmd.org.uk/reg/districts/st%20pancras.html,ok,1,0
St Saviour Southwark,http://www.ukbmd.org.uk/reg/districts/st%20saviour%20southwark.html,ok,4,2
St Thomas,http://www.ukbmd.org.uk/reg/districts/st%20thomas.html,ok,55,50
Stafford,http://www.ukbmd.org.uk/reg/districts/stafford.html,ok,55,26
Staffordshire Moorlands,http://www.ukbmd.org.uk/reg/districts/staffordshire%20moorlands.html,ok,43,0
Staincliffe,http://www.ukbmd.org.uk/reg/districts/staincliffe.html,ok,55,0
Staincross,http://www.ukbmd.org.uk/reg/districts/staincross.html,ok,22,0
Staines,http://www.ukbmd.org.uk/reg/districts/staines.html,ok,18,13
Stamford,http://www.ukbmd.org.uk/reg/districts/stamford.html,ok,44,37
Stepney (1926-82),http://www.ukbmd.org.uk/reg/districts/stepney.html,ok,5,5
Stepney (to 1921),http://www.ukbmd.org.uk/reg/districts/stepney.html,ok,5,5
Stevenage,http://www.ukbmd.org.uk/reg/districts/stevenage.html,ok,4,0
Steyning,http://www.ukbmd.org.uk/reg/districts/steyning.html,ok,29,23
Stockbridge (to 1932),http://www.ukbmd.org.uk/reg/districts/stockbridge.html,ok,18,18
Stockport,http://www.ukbmd.org.uk/reg/districts/stockport.html,ok,30,18
Stockton (to 1938),http://www.ukbmd.org.uk/reg/districts/stockton.html,ok,66,65
Stockton on Tees (1996 onw),http://www.ukbmd.org.uk/reg/districts/stockton%20on%20tees.html,ok,22,0
Stoke and Wolstanton,http://www.ukbmd.org.uk/reg/districts/stoke%20and%20wolstanton.html,ok,8,0
Stoke Damerel,http://www.ukbmd.org.uk/reg/districts/stoke%20damerel.html,ok,1,1
Stoke Newington (1930-1979),http://www.ukbmd.org.uk/reg/districts/stoke%20newington.html,ok,1,0
Stoke on Trent,http://www.ukbmd.org.uk/reg/districts/stoke%20on%20trent.html,ok,2,0
Stoke upon Trent,http://www.ukbmd.org.uk/reg/districts/stoke%20upon%20trent.html,ok,9,3
Stokesley,http://www.ukbmd.org.uk/reg/districts/stokesley.html,ok,36,28
Stone,http://www.ukbmd.org.uk/reg/districts/stone.html,ok,20,10
Stourbridge,http://www.ukbmd.org.uk/reg/districts/stourbridge.html,ok,24,9
Stow (to 1935),http://www.ukbmd.org.uk/reg/districts/stow.html,ok,34,34
Stow on the Wold,http://www.ukbmd.org.uk/reg/districts/stow%20on%20the%20wold.html,ok,48,26
Strand (1837-1913),http://www.ukbmd.org.uk/reg/districts/strand.html,ok,12,9
Stratford upon Avon,http://www.ukbmd.org.uk/reg/districts/stratford%20on%20avon.html,ok,53,37
Stratton,http://www.ukbmd.org.uk/reg/districts/stratton.html,ok,14,11
Strood & Hoo,http://www.ukbmd.org.uk/reg/districts/strood%20and%20hoo.html,ok,26,0
Strood (1885-1923),http://www.ukbmd.org.uk/reg/districts/strood.html,ok,19,0
Stroud (1837 onw),http://www.ukbmd.org.uk/reg/districts/stroud.html,ok,50,16
Sturminster (1959 to 1974),http://www.ukbmd.org.uk/reg/districts/sturminster.html,ok,77,19
Sturminster (to 1958),http://www.ukbmd.org.uk/reg/districts/sturminster.html,ok,77,19
Sudbury,http://www.ukbmd.org.uk/reg/districts/sudbury.html,ok,73,44
Sunderland,http://www.ukbmd.org.uk/reg/districts/sunderland.html,ok,15,11
Surrey Mid Eastern,http://www.ukbmd.org.uk/reg/districts/surrey%20mid%20eastern.html,ok,47,0
Surrey North Eastern,http://www.ukbmd.org.uk/reg/districts/surrey%20north%20eastern.html,ok,29,0
Surrey North Western,http://www.ukbmd.org.uk/reg/districts/surrey%20north%20western.html,ok,18,0
Surrey Northern (1948-65),http://www.ukbmd.org.uk/reg/districts/surrey%20northern.html,ok,22,0
Surrey Northern (1965 onw),http://www.ukbmd.org.uk/reg/districts/surrey%20northern.html,ok,22,0
Surrey South Eastern,http://www.ukbmd.org.uk/reg/districts/surrey%20south%20eastern.html,ok,42,0
Surrey South Western,http://www.ukbmd.org.uk/reg/districts/surrey%20south%20western.html,ok,52,0
Sutton (1965 onw),http://www.ukbmd.org.uk/reg/districts/sutton.html,ok,1,0
Sutton Coldfield,http://www.ukbmd.org.uk/reg/districts/sutton%20coldfield.html,ok,12,0
Swadlincote,http://www.ukbmd.org.uk/reg/districts/swadlincote.html,ok,32,0
Swaffham,http://www.ukbmd.org.uk/reg/districts/swaffham.html,ok,33,33
Swale,http://www.ukbmd.org.uk/reg/districts/swale.html,ok,45,0
Swansea,http://www.ukbmd.org.uk/reg/districts/swansea.html,ok,40,27
Swindon,http://www.ukbmd.org.uk/reg/districts/swindon.html,ok,42,0
Tadcaster,http://www.ukbmd.org.uk/reg/districts/tadcaster.html,ok,69,46
Tameside,http://www.ukbmd.org.uk/reg/districts/tameside.html,ok,2,0
Tamworth,http://www.ukbmd.org.uk/reg/districts/tamworth.html,ok,28,27
Taunton (1837-1974),http://www.ukbmd.org.uk/reg/districts/taunton.html,ok,63,38
Taunton (1996 onw),http://www.ukbmd.org.uk/reg/districts/taunton.html,ok,63,38
Taunton Deane,http://www.ukbmd.org.uk/reg/districts/taunton%20deane.html,ok,52,0
Tavistock,http://www.ukbmd.org.uk/reg/districts/tavistock.html,ok,29,24
Teesdale,http://www.ukbmd.org.uk/reg/districts/teesdale.html,ok,45,44
Teesside,http://www.ukbmd.org.uk/reg/districts/teesside.html,ok,1,0
Teesside North,http://www.ukbmd.org.uk/reg/districts/teesside%20north.html,ok,1,0
Teesside South,http://www.ukbmd.org.uk/reg/districts/teesside%20south.html,ok,1,0
Teignbridge,http://www.ukbmd.org.uk/reg/districts/teignbridge.html,ok,70,0
Tenbury,http://www.ukbmd.org.uk/reg/districts/tenbury.html,ok,27,17
Tendring,http://www.ukbmd.org.uk/reg/districts/tendring.html,ok,37,32
Tenterden,http://www.ukbmd.org.uk/reg/districts/tenterden.html,ok,15,11
Tetbury,http://www.ukbmd.org.uk/reg/districts/tetbury.html,ok,15,13
Tewkesbury,http://www.ukbmd.org.uk/reg/districts/tewkesbury.html,ok,23,23
Thakeham,http://www.ukbmd.org.uk/reg/districts/thakeham.html,ok,21,15
Thame,http://www.ukbmd.org.uk/reg/districts/thame.html,ok,43,36
Thanet,http://www.ukbmd.org.uk/reg/districts/thanet.html,ok,42,11
Thanet with Dover,http://www.ukbmd.org.uk/reg/districts/thanet%20with%20dover.html,ok,43,0
Thetford,http://www.ukbmd.org.uk/reg/districts/thetford.html,ok,50,38
Thingoe,http://www.ukbmd.org.uk/reg/districts/thingoe.html,ok,48,48
Thirsk,http://www.ukbmd.org.uk/reg/districts/thirsk.html,ok,61,42
Thornbury,http://www.ukbmd.org.uk/reg/districts/thornbury.html,ok,30,21
Thorne,http://www.ukbmd.org.uk/reg/districts/thorne.html,ok,13,13
Thrapston,http://www.ukbmd.org.uk/reg/districts/thrapston.html,ok,32,26
Thurrock (1939 onw),http://www.ukbmd.org.uk/reg/districts/thurrock.html,ok,6,0
Ticehurst,http://www.ukbmd.org.uk/reg/districts/ticehurst.html,ok,10,6
Tisbury,http://www.ukbmd.org.uk/reg/districts/tisbury.html,ok,22,20
Tiverton,http://www.ukbmd.org.uk/reg/districts/tiverton.html,ok,76,40
Todmorden,http://www.ukbmd.org.uk/reg/districts/todmorden.html,ok,12,6
Tonbridge,http://www.ukbmd.org.uk/reg/districts/tonbridge.html,ok,46,9
Torbay,http://www.ukbmd.org.uk/reg/districts/torbay.html,ok,6,0
Torfaen,http://www.ukbmd.org.uk/reg/districts/torfaen.html,ok,0,0
Torridge,http://www.ukbmd.org.uk/reg/districts/torridge.html,ok,64,0
Torrington,http://www.ukbmd.org.uk/reg/districts/torrington.html,ok,23,23
Totnes,http://www.ukbmd.org.uk/reg/districts/totnes.html,ok,32,28
Towcester,http://www.ukbmd.org.uk/reg/districts/towcester.html,ok,36,23
Tower Hamlets,http://www.ukbmd.org.uk/reg/districts/tower%20hamlets.html,ok,1,0
Toxteth Park,http://www.ukbmd.org.uk/reg/districts/toxteth%20park.html,ok,2,0
Trafford,http://www.ukbmd.org.uk/reg/districts/trafford.html,ok,5,0
Tregaron,http://www.ukbmd.org.uk/reg/districts/tregaron.html,ok,24,22
Trowbridge,http://www.ukbmd.org.uk/reg/districts/trowbridge.html,ok,17,0
Truro,http://www.ukbmd.org.uk/reg/districts/truro.html,ok,38,24
Tunbridge Wells,http://www.ukbmd.org.uk/reg/districts/tunbridge%20wells.html,ok,40,0
Tunstead,http://www.ukbmd.org.uk/reg/districts/tunstead.html,ok,41,41
Tynemouth,http://www.ukbmd.org.uk/reg/districts/tynemouth.html,ok,33,24
Uckfield,http://www.ukbmd.org.uk/reg/districts/uckfield.html,ok,21,11
Ulverston,http://www.ukbmd.org.uk/reg/districts/ulverston.html,ok,36,28
Upper Agbrigg,http://www.ukbmd.org.uk/reg/districts/upper%20agbrigg.html,ok,11,0
Uppingham,http://www.ukbmd.org.uk/reg/districts/uppingham.html,ok,36,36
Upton upon Severn,http://www.ukbmd.org.uk/reg/districts/upton%20on%20severn.html,ok,28,22
Uttlesford,http://www.ukbmd.org.uk/reg/districts/uttlesford.html,ok,60,0
Uttoxeter,http://www.ukbmd.org.uk/reg/districts/uttoxeter.html,ok,42,21
Uxbridge,http://www.ukbmd.org.uk/reg/districts/uxbridge.html,ok,17,10
Vale of Glamorgan,http://www.ukbmd.org.uk/reg/districts/vale-of-glamorgan.html,ok,0,0
Vale Royal,http://www.ukbmd.org.uk/reg/districts/vale%20royal.html,ok,49,0
Vaynor,http://www.ukbmd.org.uk/reg/districts/vaynor.html,ok,3,0
Wainford (1935-1948),http://www.ukbmd.org.uk/reg/districts/wainford.html,ok,36,0
Wakefield,http://www.ukbmd.org.uk/reg/districts/wakefield.html,ok,37,23
Wallasey,http://www.ukbmd.org.uk/reg/districts/wallasey.html,ok,1,0
Wallingford,http://www.ukbmd.org.uk/reg/districts/wallingford.html,ok,39,29
Walsall,http://www.ukbmd.org.uk/reg/districts/walsall.html,ok,12,8
Walsingham,http://www.ukbmd.org.uk/reg/districts/walsingham.html,ok,60,53
Waltham Forest,http://www.ukbmd.org.uk/reg/districts/waltham%20forest.html,ok,1,0
Wandsworth,http://www.ukbmd.org.uk/reg/districts/wandsworth.html,ok,8,6
Wangford,http://www.ukbmd.org.uk/reg/districts/wangford.html,ok,28,27
Wantage,http://www.ukbmd.org.uk/reg/districts/wantage.html,ok,63,34
Ware,http://www.ukbmd.org.uk/reg/districts/ware.html,ok,27,15
Wareham,http://www.ukbmd.org.uk/reg/districts/wareham.html,ok,27,27
Warley,http://www.ukbmd.org.uk/reg/districts/warley.html,ok,1,0
Warley East,http://www.ukbmd.org.uk/reg/districts/warley%20east.html,ok,1,0
Warley West,http://www.ukbmd.org.uk/reg/districts/warley%20west.html,ok,1,0
Warminster,http://www.ukbmd.org.uk/reg/districts/warminster.html,ok,39,21
Warrington,http://www.ukbmd.org.uk/reg/districts/warrington.html,ok,27,16
Warwick & Leamington,http://www.ukbmd.org.uk/reg/districts/warwick%20and%20leamington.html,ok,36,0
Warwick (to 1932),http://www.ukbmd.org.uk/reg/districts/warwick.html,ok,40,35
Watford,http://www.ukbmd.org.uk/reg/districts/watford.html,ok,30,6
Waveney,http://www.ukbmd.org.uk/reg/districts/waveney.html,ok,87,0
Wayland,http://www.ukbmd.org.uk/reg/districts/wayland.html,ok,79,25
Weardale,http://www.ukbmd.org.uk/reg/districts/weardale.html,ok,6,4
Wednesbury,http://www.ukbmd.org.uk/reg/districts/wednesbury.html,ok,9,0
Wellingborough,http://www.ukbmd.org.uk/reg/districts/wellingborough.html,ok,34,27
Wellington Sal,http://www.ukbmd.org.uk/reg/districts/wellington2.html,ok,43,11
Wellington Som,http://www.ukbmd.org.uk/reg/districts/wellington1.html,ok,26,24
Wells,http://www.ukbmd.org.uk/reg/districts/wells.html,ok,44,19
Welshpool,http://www.ukbmd.org.uk/reg/districts/welshpool.html,ok,15,0
Welshpool & Llanfyllin,http://www.ukbmd.org.uk/reg/districts/welshpool%20and%20llanfyllin.html,ok,0,0
Welton (1938-1974),http://www.ukbmd.org.uk/reg/districts/welton.html,ok,46,0
Wem,http://www.ukbmd.org.uk/reg/districts/wem.html,ok,17,13
Wenlock,http://www.ukbmd.org.uk/reg/districts/wenlock.html,ok,9,0
Wensleydale,http://www.ukbmd.org.uk/reg/districts/wensleydale.html,ok,82,0
Weobley,http://www.ukbmd.org.uk/reg/districts/weobley.html,ok,26,26
West Ashford,http://www.ukbmd.org.uk/reg/districts/west%20ashford.html,ok,13,12
West Bromwich,http://www.ukbmd.org.uk/reg/districts/west%20bromwich.html,ok,11,4
West Cheshire,http://www.ukbmd.org.uk/reg/districts/west%20cheshire.html,ok,128,0
West Derby,http://www.ukbmd.org.uk/reg/districts/west%20derby.html,ok,29,23
West Devon,http://www.ukbmd.org.uk/reg/districts/west%20devon.html,ok,56,0
West Dorset,http://www.ukbmd.org.uk/reg/districts/west%20dorset.html,ok,46,0
West Firle,http://www.ukbmd.org.uk/reg/districts/west%20firle.html,ok,8,0
West Glamorgan,http://www.ukbmd.org.uk/reg/districts/west%20glamorgan.html,ok,43,0
West Ham,http://www.ukbmd.org.uk/reg/districts/west%20ham.html,ok,10,7
West Hartlepool (1938-1967),http://www.ukbmd.org.uk/reg/districts/west%20hartlepool.html,ok,1,0
West Lancashire,http://www.ukbmd.org.uk/reg/districts/west%20lancashire.html,ok,21,0
West London,http://www.ukbmd.org.uk/reg/districts/west%20london.html,ok,12,11
West Oxfordshire,http://www.ukbmd.org.uk/reg/districts/west%20oxfordshire.html,ok,86,0
West Somerset,http://www.ukbmd.org.uk/reg/districts/west%20somerset.html,ok,45,0
West Surrey,http://www.ukbmd.org.uk/reg/districts/west%20surrey.html,ok,51,0
West Ward,http://www.ukbmd.org.uk/reg/districts/west%20ward.html,ok,28,22
Westbourne,http://www.ukbmd.org.uk/reg/districts/westbourne.html,ok,13,12
Westbury,http://www.ukbmd.org.uk/reg/districts/westbury.html,ok,15,10
Westbury on Severn,http://www.ukbmd.org.uk/reg/districts/westbury%20on%20severn.html,ok,19,15
Westhampnett,http://www.ukbmd.org.uk/reg/districts/westhampnett.html,ok,50,37
Westminster (1870-1913),http://www.ukbmd.org.uk/reg/districts/westminster.html,ok,2,0
Westminster (1965 onw),http://www.ukbmd.org.uk/reg/districts/westminster.html,ok,2,0
Westminster St Margaret,http://www.ukbmd.org.uk/reg/districts/westminster%20st%20margaret.html,ok,2,2
Westmorland North,http://www.ukbmd.org.uk/reg/districts/westmorland%20north.html,ok,53,0
Westmorland South,http://www.ukbmd.org.uk/reg/districts/westmorland%20south.html,ok,58,0
Weston super Mare (1936-1996),http://www.ukbmd.org.uk/reg/districts/weston%20super%20mare.html,ok,58,0
Wetherby,http://www.ukbmd.org.uk/reg/districts/wetherby.html,ok,48,0
Weymouth (1959-97),http://www.ukbmd.org.uk/reg/districts/weymouth.html,ok,73,19
Weymouth (to 1958),http://www.ukbmd.org.uk/reg/districts/weymouth.html,ok,73,19
Wharfedale,http://www.ukbmd.org.uk/reg/districts/wharfedale.html,ok,38,0
Wheatenhurst,http://www.ukbmd.org.uk/reg/districts/wheatenhurst.html,ok,16,14
Whitby,http://www.ukbmd.org.uk/reg/districts/whitby.html,ok,27,22
Whitchurch H,http://www.ukbmd.org.uk/reg/districts/whitchurch1.html,ok,9,8
Whitchurch S (1853-1969),http://www.ukbmd.org.uk/reg/districts/whitchurch2.html,ok,1,0
Whitchurch S (Sep1837 only),http://www.ukbmd.org.uk/reg/districts/whitchurch2.html,ok,1,0
Whitechapel,http://www.ukbmd.org.uk/reg/districts/whitechapel.html,ok,10,10
Whitehaven,http://www.ukbmd.org.uk/reg/districts/whitehaven.html,ok,32,25
Whittlesey,http://www.ukbmd.org.uk/reg/districts/whittlesey.html,ok,6,1
Widnes,http://www.ukbmd.org.uk/reg/districts/widnes.html,ok,6,0
Wigan,http://www.ukbmd.org.uk/reg/districts/wigan.html,ok,21,20
Wigan & Leigh,http://www.ukbmd.org.uk/reg/districts/wigan%20and%20leigh.html,ok,4,0
Wigton,http://www.ukbmd.org.uk/reg/districts/wigton.html,ok,46,31
Willesden,http://www.ukbmd.org.uk/reg/districts/willesden.html,ok,3,0
Williton,http://www.ukbmd.org.uk/reg/districts/williton.html,ok,40,36
Wilton,http://www.ukbmd.org.uk/reg/districts/wilton.html,ok,28,23
Wimborne,http://www.ukbmd.org.uk/reg/districts/wimborne.html,ok,32,26
Wincanton,http://www.ukbmd.org.uk/reg/districts/wincanton.html,ok,42,41
Winchcomb,http://www.ukbmd.org.uk/reg/districts/winchcomb.html,ok,33,27
Winchester,http://www.ukbmd.org.uk/reg/districts/winchester.html,ok,90,39
Windsor,http://www.ukbmd.org.uk/reg/districts/windsor.html,ok,18,7
Windsor & Maidenhead,http://www.ukbmd.org.uk/reg/districts/windsor%20and%20maidenhead.html,ok,17,0
Winslow,http://www.ukbmd.org.uk/reg/districts/winslow.html,ok,18,17
Wirral (1837-1974),http://www.ukbmd.org.uk/reg/districts/wirral.html,ok,63,56
Wisbech,http://www.ukbmd.org.uk/reg/districts/wisbech.html,ok,31,20
Witham,http://www.ukbmd.org.uk/reg/districts/witham.html,ok,17,17
Witney,http://www.ukbmd.org.uk/reg/districts/witney.html,ok,63,43
Woburn,http://www.ukbmd.org.uk/reg/districts/woburn.html,ok,17,16
Wokingham,http://www.ukbmd.org.uk/reg/districts/wokingham.html,ok,50,13
Wolstanton,http://www.ukbmd.org.uk/reg/districts/wolstanton.html,ok,11,2
Wolverhampton,http://www.ukbmd.org.uk/reg/districts/wolverhampton.html,ok,21,17
Wood Green,http://www.ukbmd.org.uk/reg/districts/wood%20green.html,ok,4,0
Woodbridge,http://www.ukbmd.org.uk/reg/districts/woodbridge.html,ok,53,50
Woodstock,http://www.ukbmd.org.uk/reg/districts/woodstock.html,ok,43,34
Woolwich,http://www.ukbmd.org.uk/reg/districts/woolwich.html,ok,6,0
Worcester,http://www.ukbmd.org.uk/reg/districts/worcester.html,ok,56,14
Worksop,http://www.ukbmd.org.uk/reg/districts/worksop.html,ok,35,29
Worsley (1841-49),http://www.ukbmd.org.uk/reg/districts/worsley.html,ok,2,0
Worth Valley,http://www.ukbmd.org.uk/reg/districts/worth%20valley.html,ok,4,0
Worthing (1837-69),http://www.ukbmd.org.uk/reg/districts/worthing.html,ok,28,27
Worthing (1935 onw),http://www.ukbmd.org.uk/reg/districts/worthing.html,ok,28,27
Wortley (1838-1974),http://www.ukbmd.org.uk/reg/districts/wortley.html,ok,21,19
Wrekin,http://www.ukbmd.org.uk/reg/districts/wrekin.html,ok,52,0
Wrexham (1837-1974),http://www.ukbmd.org.uk/reg/districts/wrexham.html,ok,74,56
Wrexham (1996 onw),http://www.ukbmd.org.uk/reg/districts/wrexham.html,ok,74,56
Wrexham Maelor,http://www.ukbmd.org.uk/reg/districts/wrexham%20maelor.html,ok,0,0
Wycombe,http://www.ukbmd.org.uk/reg/districts/wycombe.html,ok,56,30
Yarmouth & Flegg,http://www.ukbmd.org.uk/reg/districts/yarmouth%20and%20flegg.html,ok,28,0
Yarmouth (1837-1923),http://www.ukbmd.org.uk/reg/districts/yarmouth.html,ok,2,1
Yeovil,http://www.ukbmd.org.uk/reg/districts/yeovil.html,ok,41,36
Ynys Mon,http://www.ukbmd.org.uk/reg/districts/ynys%20mon.html,ok,0,0
York (1837-1937),http://www.ukbmd.org.uk/reg/districts/york.html,ok,111,97
York (1938 onw),http://www.ukbmd.org.uk/reg/districts/york.html,ok,111,97
Ystradgynlais,http://www.ukbmd.org.uk/reg/districts/ystradgynlais.html,ok,3,0
