parish,county,from_year,to_year,comments,district,source_url
Althorp,Northamptonshire,1837,1974,"See Table 2, note (n).",Brixworth,http://www.ukbmd.org.uk/reg/districts/brixworth.html
Arthingworth,Northamptonshire,1936,1974,"See Table 2, notes (d) and (n).",Brixworth,http://www.ukbmd.org.uk/reg/districts/brixworth.html
Ashton,Northamptonshire,1936,1974,"See Table 2, notes (g) and (o).",Brixworth,http://www.ukbmd.org.uk/reg/districts/brixworth.html
Billing,Northamptonshire,1936,1974,"See Table 2, notes (f), (j), (l), (m) and (n).",Brixworth,http://www.ukbmd.org.uk/reg/districts/brixworth.html
Boughton,Northamptonshire,1837,1974,"See Table 2, notes (b), (e), (j), (l) and (n).",Brixworth,http://www.ukbmd.org.uk/reg/districts/brixworth.html
Brafield on the Green,Northamptonshire,1936,1974,"See Table 2, notes (f), (m), (o) and (p).",Brixworth,http://www.ukbmd.org.uk/reg/districts/brixworth.html
Brington,Northamptonshire,1837,1974,"See Table 2, note (n).",Brixworth,http://www.ukbmd.org.uk/reg/districts/brixworth.html
Brixworth,Northamptonshire,1837,1974,"See Table 2, note (n).",Brixworth,http://www.ukbmd.org.uk/reg/districts/brixworth.html
Bugbrooke,Northamptonshire,1936,1974,"See Table 2, notes (f) and (o).",Brixworth,http://www.ukbmd.org.uk/reg/districts/brixworth.html
Castle Ashby,Northamptonshire,1936,1974,"See Table 2, notes (f) and (o).",Brixworth,http://www.ukbmd.org.uk/reg/districts/brixworth.html
Chapel Brampton,Northamptonshire,1837,1974,"See Table 2, note (n).",Brixworth,http://www.ukbmd.org.uk/reg/districts/brixworth.html
Church Brampton,Northamptonshire,1837,1974,"See Table 2, note (n).",Brixworth,http://www.ukbmd.org.uk/reg/districts/brixworth.html
Clipston,Northamptonshire,1936,1974,"See Table 2, notes (d) and (n).",Brixworth,http://www.ukbmd.org.uk/reg/districts/brixworth.html
Cogenhoe,Northamptonshire,1936,1974,"See Table 2, notes (f), (m) and (o).",Brixworth,http://www.ukbmd.org.uk/reg/districts/brixworth.html
Cold Ashby,Northamptonshire,1837,1974,"See Table 2, note (n).",Brixworth,http://www.ukbmd.org.uk/reg/districts/brixworth.html
Collingtree,Northamptonshire,1936,1974,"See Table 2, notes (f) and (n).",Brixworth,http://www.ukbmd.org.uk/reg/districts/brixworth.html
Coton,Northamptonshire,1837,1935,Abolished 1.4.1935 and added to the parish of Ravensthorpe.,Brixworth,http://www.ukbmd.org.uk/reg/districts/brixworth.html
Cottesbrook,Northamptonshire,1837,1974,"See Table 2, note (n).",Brixworth,http://www.ukbmd.org.uk/reg/districts/brixworth.html
Courteenhall,Northamptonshire,1936,1974,"See Table 2, notes (f) and (o).",Brixworth,http://www.ukbmd.org.uk/reg/districts/brixworth.html
Creaton,Northamptonshire,1837,1974,"See Table 2, note (n).",Brixworth,http://www.ukbmd.org.uk/reg/districts/brixworth.html
Denton,Northamptonshire,1936,1974,"See Table 2, notes (f) and (o).",Brixworth,http://www.ukbmd.org.uk/reg/districts/brixworth.html
Draughton,Northamptonshire,1837,1974,"See Table 2, note (n).",Brixworth,http://www.ukbmd.org.uk/reg/districts/brixworth.html
Duston,Northamptonshire,1936,1965,"Abolished 1.4.1965 and divided between the parishes of Northampton, 
    Upton and Harlestone. See also Table 2, notes (f) and (j).",Brixworth,http://www.ukbmd.org.uk/reg/districts/brixworth.html
East Farndon,Northamptonshire,1936,1974,"See Table 2, notes (d), (h) and (n).",Brixworth,http://www.ukbmd.org.uk/reg/districts/brixworth.html
East Haddon,Northamptonshire,1837,1974,"See Table 2, note (n).",Brixworth,http://www.ukbmd.org.uk/reg/districts/brixworth.html
Faxton,Northamptonshire,1837,1935,Abolished 1.4.1935 and added to the parish of Lamport.,Brixworth,http://www.ukbmd.org.uk/reg/districts/brixworth.html
Great Houghton,Northamptonshire,1936,1974,"See Table 2, notes (f), (j) and (n).",Brixworth,http://www.ukbmd.org.uk/reg/districts/brixworth.html
Great Oxenden,Northamptonshire,1936,1974,"See Table 2, notes (d) and (n).",Brixworth,http://www.ukbmd.org.uk/reg/districts/brixworth.html
Guilsborough,Northamptonshire,1837,1974,"See Table 2, note (n).",Brixworth,http://www.ukbmd.org.uk/reg/districts/brixworth.html
Hackleton,Northamptonshire,1936,1974,"See Table 2, notes (f) and (o).",Brixworth,http://www.ukbmd.org.uk/reg/districts/brixworth.html
Hanging Houghton,Northamptonshire,1837,1935,Abolished 1.4.1935 and added to the parish of Lamport.,Brixworth,http://www.ukbmd.org.uk/reg/districts/brixworth.html
Hannington,Northamptonshire,1837,1974,"See Table 2, note (n).",Brixworth,http://www.ukbmd.org.uk/reg/districts/brixworth.html
Hardingstone,Northamptonshire,1936,1974,"See Table 2, notes (f), (j), (k), (m) and (n).",Brixworth,http://www.ukbmd.org.uk/reg/districts/brixworth.html
Harlestone,Northamptonshire,1837,1974,"See Table 2, note (n).",Brixworth,http://www.ukbmd.org.uk/reg/districts/brixworth.html
Harpole,Northamptonshire,1936,1974,"See Table 2, notes (f), (m) and (o).",Brixworth,http://www.ukbmd.org.uk/reg/districts/brixworth.html
Hartwell,Northamptonshire,1936,1974,"See Table 2, notes (g) and (o).",Brixworth,http://www.ukbmd.org.uk/reg/districts/brixworth.html
Haselbech,Northamptonshire,1837,1974,"See Table 2, note (n).",Brixworth,http://www.ukbmd.org.uk/reg/districts/brixworth.html
Holcot,Northamptonshire,1837,1974,"See Table 2, note (n).",Brixworth,http://www.ukbmd.org.uk/reg/districts/brixworth.html
Holdenby,Northamptonshire,1837,1974,"See Table 2, note (n).",Brixworth,http://www.ukbmd.org.uk/reg/districts/brixworth.html
Hollowell,Northamptonshire,1837,1974,"See Table 2, note (n).",Brixworth,http://www.ukbmd.org.uk/reg/districts/brixworth.html
Kelmarsh,Northamptonshire,1936,1974,"See Table 2, notes (d) and (n).",Brixworth,http://www.ukbmd.org.uk/reg/districts/brixworth.html
Kislingbury,Northamptonshire,1936,1974,"See Table 2, notes (f) and (o).",Brixworth,http://www.ukbmd.org.uk/reg/districts/brixworth.html
Lamport,Northamptonshire,1837,1974,"See Table 2, note (n).",Brixworth,http://www.ukbmd.org.uk/reg/districts/brixworth.html
Little Creaton,Northamptonshire,1837,1884,Abolished 25.3.1884 and added to the parish of  Creaton.,Brixworth,http://www.ukbmd.org.uk/reg/districts/brixworth.html
Little Houghton,Northamptonshire,1936,1974,"See Table 2, notes (f), (m) and (o).",Brixworth,http://www.ukbmd.org.uk/reg/districts/brixworth.html
Maidwell,Northamptonshire,1837,1974,"See Table 2, note (n).",Brixworth,http://www.ukbmd.org.uk/reg/districts/brixworth.html
Marston Trussell,Northamptonshire,1936,1974,"See Table 2, notes (d), (h), (i) and (n).",Brixworth,http://www.ukbmd.org.uk/reg/districts/brixworth.html
Mawsley,Northamptonshire,1837,1935,"Abolished 1.4.1935 and added to the parish of Loddington. 
    See also Table 2, note (c).",Brixworth,http://www.ukbmd.org.uk/reg/districts/brixworth.html
Milton,Northamptonshire,1936,1960,"Renamed 1.5.1960 to become the parish of Milton Malsor. See also 
    Table 2, note (f).",Brixworth,http://www.ukbmd.org.uk/reg/districts/brixworth.html
Milton Malsor,Northamptonshire,1960,1974,"Created 1.5.1960 by renaming the parish of Milton. See also Table 
    2, note (o).",Brixworth,http://www.ukbmd.org.uk/reg/districts/brixworth.html
Moulton,Northamptonshire,1837,1974,"See Table 2, notes (j), (l) and (n).",Brixworth,http://www.ukbmd.org.uk/reg/districts/brixworth.html
Moulton Park,Northamptonshire,1862,1932,"Abolished 1.4.1932 and divided between the parishes of Northampton 
    and Boughton. See also Table 2, notes (a), (b) and (e).",Brixworth,http://www.ukbmd.org.uk/reg/districts/brixworth.html
Naseby,Northamptonshire,1837,1974,"See Table 2, note (n).",Brixworth,http://www.ukbmd.org.uk/reg/districts/brixworth.html
Nether Heyford,Northamptonshire,1936,1974,"See Table 2, notes (f) and (o).",Brixworth,http://www.ukbmd.org.uk/reg/districts/brixworth.html
Old,Northamptonshire,1837,1974,"See Table 2, note (n).",Brixworth,http://www.ukbmd.org.uk/reg/districts/brixworth.html
Overstone,Northamptonshire,1837,1974,"See Table 2, notes (l), (m), (n) and (p).",Brixworth,http://www.ukbmd.org.uk/reg/districts/brixworth.html
Pitsford,Northamptonshire,1837,1974,"See Table 2, note (n).",Brixworth,http://www.ukbmd.org.uk/reg/districts/brixworth.html
Quinton,Northamptonshire,1936,1974,"See Table 2, notes (f) and (o).",Brixworth,http://www.ukbmd.org.uk/reg/districts/brixworth.html
Ravensthorpe,Northamptonshire,1837,1974,"See Table 2, note (n).",Brixworth,http://www.ukbmd.org.uk/reg/districts/brixworth.html
Roade,Northamptonshire,1936,1974,"See Table 2, notes (f) and (o).",Brixworth,http://www.ukbmd.org.uk/reg/districts/brixworth.html
Rothersthorpe,Northamptonshire,1936,1974,"See Table 2, notes (f), (o) and (p).",Brixworth,http://www.ukbmd.org.uk/reg/districts/brixworth.html
Scaldwell,Northamptonshire,1837,1974,"See Table 2, note (n).",Brixworth,http://www.ukbmd.org.uk/reg/districts/brixworth.html
Sibbertoft,Northamptonshire,1936,1974,"See Table 2, notes (d) and (n).",Brixworth,http://www.ukbmd.org.uk/reg/districts/brixworth.html
Spratton,Northamptonshire,1837,1974,"See Table 2, note (n).",Brixworth,http://www.ukbmd.org.uk/reg/districts/brixworth.html
Sulby,Northamptonshire,1936,1974,"See Table 2, notes (d) and (n).",Brixworth,http://www.ukbmd.org.uk/reg/districts/brixworth.html
Teeton,Northamptonshire,1837,1935,Abolished 1.4.1935 and added to the parish of Hollowell.,Brixworth,http://www.ukbmd.org.uk/reg/districts/brixworth.html
Thornby,Northamptonshire,1837,1974,"See Table 2, note (n).",Brixworth,http://www.ukbmd.org.uk/reg/districts/brixworth.html
Upper Heyford,Northamptonshire,1936,1974,"See Table 2, notes (f) and (o).",Brixworth,http://www.ukbmd.org.uk/reg/districts/brixworth.html
Upton,Northamptonshire,1936,1974,"See Table 2, notes (f), (j), (m) and (o).",Brixworth,http://www.ukbmd.org.uk/reg/districts/brixworth.html
Walgrave,Northamptonshire,1837,1974,"See Table 2, note (n).",Brixworth,http://www.ukbmd.org.uk/reg/districts/brixworth.html
Welford,Northamptonshire,1936,1974,"See Table 2, notes (d) and (n).",Brixworth,http://www.ukbmd.org.uk/reg/districts/brixworth.html
Weston Favell,Northamptonshire,1936,1965,"Abolished 1.4.1965 and divided between the parishes of Northampton 
    and Billing. See also Table 2, notes (f) and (j).",Brixworth,http://www.ukbmd.org.uk/reg/districts/brixworth.html
Wootton,Northamptonshire,1936,1974,"See Table 2, notes (f), (k), (m) and (o).",Brixworth,http://www.ukbmd.org.uk/reg/districts/brixworth.html
Yardley Hastings,Northamptonshire,1936,1974,"See Table 2, notes (f) and (o).",Brixworth,http://www.ukbmd.org.uk/reg/districts/brixworth.html
Kettering,Northamptonshire,1935,1936,"That part which until 1.4.1935 formed part of the parish of Mawsley. 
    See also Table 2, note (c).",Brixworth,http://www.ukbmd.org.uk/reg/districts/brixworth.html
Northampton,Northamptonshire,1932,1936,"That part which until 1.4.1932 formed parts of the parishes of 
    Boughton and Moulton Park). See also Table 2, note (e).",Brixworth,http://www.ukbmd.org.uk/reg/districts/brixworth.html
