parish,county,from_year,to_year,comments,district,source_url
Acle,Norfolk,1991,2011,"See Table 2, notes (g) and (h).",Norwich,http://www.ukbmd.org.uk/reg/districts/norwich.html
Aldeby,Norfolk,1991,2011,"See Table 2, notes (g) and (h).",Norwich,http://www.ukbmd.org.uk/reg/districts/norwich.html
Alderford,Norfolk,1991,2011,"See Table 2, notes (g) and (h).",Norwich,http://www.ukbmd.org.uk/reg/districts/norwich.html
All Saints,Norfolk,1837,1890,Abolished 25.3.1890 and added to the parish of Norwich.,Norwich,http://www.ukbmd.org.uk/reg/districts/norwich.html
Alpington,Norfolk,1991,2011,"See Table 2, notes (g) and (h).",Norwich,http://www.ukbmd.org.uk/reg/districts/norwich.html
Ashby St. Mary,Norfolk,1991,2011,"See Table 2, notes (g) and (h).",Norwich,http://www.ukbmd.org.uk/reg/districts/norwich.html
Attlebridge,Norfolk,1991,2011,"See Table 2, notes (g) and (h).",Norwich,http://www.ukbmd.org.uk/reg/districts/norwich.html
Aylsham,Norfolk,1991,2011,"See Table 2, notes (g) and (h).",Norwich,http://www.ukbmd.org.uk/reg/districts/norwich.html
Barford,Norfolk,1991,2011,"See Table 2, notes (g) and (h).",Norwich,http://www.ukbmd.org.uk/reg/districts/norwich.html
Barnham Broom,Norfolk,1991,2011,"See Table 2, notes (g) and (h).",Norwich,http://www.ukbmd.org.uk/reg/districts/norwich.html
Bawburgh,Norfolk,1991,2011,"See Table 2, notes (g) and (h).",Norwich,http://www.ukbmd.org.uk/reg/districts/norwich.html
Bedingham,Norfolk,1991,2011,"See Table 2, notes (g) and (h).",Norwich,http://www.ukbmd.org.uk/reg/districts/norwich.html
Beeston St. Andrew,Norfolk,1991,2011,"See Table 2, notes (g) and (h).",Norwich,http://www.ukbmd.org.uk/reg/districts/norwich.html
Beighton,Norfolk,1991,2011,"See Table 2, notes (g) and (h).",Norwich,http://www.ukbmd.org.uk/reg/districts/norwich.html
Belaugh,Norfolk,1991,2011,"See Table 2, notes (g) and (h).",Norwich,http://www.ukbmd.org.uk/reg/districts/norwich.html
Bergh Apton,Norfolk,1991,2011,"See Table 2, notes (g) and (h).",Norwich,http://www.ukbmd.org.uk/reg/districts/norwich.html
Bixley,Norfolk,1991,2011,"See Table 2, notes (g) and (h).",Norwich,http://www.ukbmd.org.uk/reg/districts/norwich.html
Blickling,Norfolk,1991,2011,"See Table 2, notes (g) and (h).",Norwich,http://www.ukbmd.org.uk/reg/districts/norwich.html
Blofield,Norfolk,1991,2011,"See Table 2, notes (g) and (h).",Norwich,http://www.ukbmd.org.uk/reg/districts/norwich.html
Booton,Norfolk,1991,2011,"See Table 2, notes (g) and (h).",Norwich,http://www.ukbmd.org.uk/reg/districts/norwich.html
Bracon Ash,Norfolk,1991,2011,"See Table 2, notes (g) and (h).",Norwich,http://www.ukbmd.org.uk/reg/districts/norwich.html
Bramerton,Norfolk,1991,2011,"See Table 2, notes (g) and (h).",Norwich,http://www.ukbmd.org.uk/reg/districts/norwich.html
Brampton,Norfolk,1991,2011,"See Table 2, notes (g) and (h).",Norwich,http://www.ukbmd.org.uk/reg/districts/norwich.html
Brandiston,Norfolk,1991,2011,"See Table 2, notes (g) and (h).",Norwich,http://www.ukbmd.org.uk/reg/districts/norwich.html
Brooke,Norfolk,1991,2011,"See Table 2, notes (g) and (h).",Norwich,http://www.ukbmd.org.uk/reg/districts/norwich.html
Broome,Norfolk,1991,2011,"See Table 2, notes (g) and (h).",Norwich,http://www.ukbmd.org.uk/reg/districts/norwich.html
Brundall,Norfolk,1991,2011,"See Table 2, notes (g) and (h).",Norwich,http://www.ukbmd.org.uk/reg/districts/norwich.html
Burgh & Tuttington,Norfolk,1991,2011,"See Table 2, notes (g) and (h).",Norwich,http://www.ukbmd.org.uk/reg/districts/norwich.html
Burgh St. Peter,Norfolk,1991,2011,"See Table 2, notes (g) and (h).",Norwich,http://www.ukbmd.org.uk/reg/districts/norwich.html
Buxton with Lammas,Norfolk,1991,2011,"See Table 2, notes (g) and (h).",Norwich,http://www.ukbmd.org.uk/reg/districts/norwich.html
Caistor St. Edmund,Norfolk,1991,2011,"See Table 2, notes (g) and (h).",Norwich,http://www.ukbmd.org.uk/reg/districts/norwich.html
Cantley,Norfolk,1991,2011,"See Table 2, notes (g) and (h).",Norwich,http://www.ukbmd.org.uk/reg/districts/norwich.html
Carleton St. Peter,Norfolk,1991,2011,"See Table 2, notes (g) and (h).",Norwich,http://www.ukbmd.org.uk/reg/districts/norwich.html
Cawston,Norfolk,1991,2011,"See Table 2, notes (g) and (h).",Norwich,http://www.ukbmd.org.uk/reg/districts/norwich.html
Chedgrave,Norfolk,1991,2011,"See Table 2, notes (g) and (h).",Norwich,http://www.ukbmd.org.uk/reg/districts/norwich.html
Claxton,Norfolk,1991,2011,"See Table 2, notes (g) and (h).",Norwich,http://www.ukbmd.org.uk/reg/districts/norwich.html
Colney,Norfolk,1991,2011,"See Table 2, notes (g) and (h).",Norwich,http://www.ukbmd.org.uk/reg/districts/norwich.html
Coltishall,Norfolk,1991,2011,"See Table 2, notes (g) and (h).",Norwich,http://www.ukbmd.org.uk/reg/districts/norwich.html
Costessey,Norfolk,1991,2011,"See Table 2, notes (g) and (h).",Norwich,http://www.ukbmd.org.uk/reg/districts/norwich.html
Cringleford,Norfolk,1991,2011,"See Table 2, notes (g) and (h).",Norwich,http://www.ukbmd.org.uk/reg/districts/norwich.html
Crostwick,Norfolk,1991,2011,"See Table 2, notes (g) and (h).",Norwich,http://www.ukbmd.org.uk/reg/districts/norwich.html
Deopham,Norfolk,1991,2011,"See Table 2, notes (g) and (h).",Norwich,http://www.ukbmd.org.uk/reg/districts/norwich.html
Ditchingham,Norfolk,1991,2011,"See Table 2, notes (g) and (h).",Norwich,http://www.ukbmd.org.uk/reg/districts/norwich.html
Drayton,Norfolk,1991,2011,"See Table 2, notes (g) and (h).",Norwich,http://www.ukbmd.org.uk/reg/districts/norwich.html
Earlham,Norfolk,1837,1890,Abolished 25.3.1890 and added to the parish of Norwich.,Norwich,http://www.ukbmd.org.uk/reg/districts/norwich.html
East Carleton,Norfolk,1991,2011,"See Table 2, notes (g) and (h).",Norwich,http://www.ukbmd.org.uk/reg/districts/norwich.html
Easton,Norfolk,1991,2011,"See Table 2, notes (g) and (h).",Norwich,http://www.ukbmd.org.uk/reg/districts/norwich.html
Eaton St. Andrew,Norfolk,1837,1890,Abolished 25.3.1890 and added to the parish of Norwich.,Norwich,http://www.ukbmd.org.uk/reg/districts/norwich.html
Ellingham,Norfolk,1991,2011,"See Table 2, notes (g) and (h).",Norwich,http://www.ukbmd.org.uk/reg/districts/norwich.html
Felthorpe,Norfolk,1991,2011,"See Table 2, notes (g) and (h).",Norwich,http://www.ukbmd.org.uk/reg/districts/norwich.html
Flordon,Norfolk,1991,2011,"See Table 2, notes (g) and (h).",Norwich,http://www.ukbmd.org.uk/reg/districts/norwich.html
Foulsham,Norfolk,1991,2011,"See Table 2, notes (g) and (h).",Norwich,http://www.ukbmd.org.uk/reg/districts/norwich.html
Framingham Earl,Norfolk,1991,2011,"See Table 2, notes (g) and (h).",Norwich,http://www.ukbmd.org.uk/reg/districts/norwich.html
Framingham Pigot,Norfolk,1991,2011,"See Table 2, notes (g) and (h).",Norwich,http://www.ukbmd.org.uk/reg/districts/norwich.html
Freethorpe,Norfolk,1991,2011,"See Table 2, notes (g) and (h).",Norwich,http://www.ukbmd.org.uk/reg/districts/norwich.html
Frettenham,Norfolk,1991,2011,"See Table 2, notes (g) and (h).",Norwich,http://www.ukbmd.org.uk/reg/districts/norwich.html
Geldeston,Norfolk,1991,2011,"See Table 2, notes (g) and (h).",Norwich,http://www.ukbmd.org.uk/reg/districts/norwich.html
Gillingham,Norfolk,1991,2011,"See Table 2, notes (g) and (h).",Norwich,http://www.ukbmd.org.uk/reg/districts/norwich.html
Great & Little Plumstead,Norfolk,1991,2011,"See Table 2, notes (g) and (h).",Norwich,http://www.ukbmd.org.uk/reg/districts/norwich.html
Great Melton,Norfolk,1991,2011,"See Table 2, notes (g) and (h).",Norwich,http://www.ukbmd.org.uk/reg/districts/norwich.html
Great Witchingham,Norfolk,1991,2011,"See Table 2, notes (g) and (h).",Norwich,http://www.ukbmd.org.uk/reg/districts/norwich.html
Guestwick,Norfolk,1991,2011,"See Table 2, notes (g) and (h).",Norwich,http://www.ukbmd.org.uk/reg/districts/norwich.html
Haddiscoe,Norfolk,1991,2011,"See Table 2, notes (g) and (h).",Norwich,http://www.ukbmd.org.uk/reg/districts/norwich.html
Hainford,Norfolk,1991,2011,"See Table 2, notes (g) and (h).",Norwich,http://www.ukbmd.org.uk/reg/districts/norwich.html
Hales,Norfolk,1991,2011,"See Table 2, notes (g) and (h).",Norwich,http://www.ukbmd.org.uk/reg/districts/norwich.html
Halvergate,Norfolk,1991,2011,"See Table 2, notes (g) and (h).",Norwich,http://www.ukbmd.org.uk/reg/districts/norwich.html
Haveringland,Norfolk,1991,2011,"See Table 2, notes (g) and (h).",Norwich,http://www.ukbmd.org.uk/reg/districts/norwich.html
Heckingham,Norfolk,1991,2011,"See Table 2, notes (g) and (h).",Norwich,http://www.ukbmd.org.uk/reg/districts/norwich.html
Hedenham,Norfolk,1991,2011,"See Table 2, notes (g) and (h).",Norwich,http://www.ukbmd.org.uk/reg/districts/norwich.html
Heigham,Norfolk,1837,1890,Abolished 25.3.1890 and added to the parish of Norwich.,Norwich,http://www.ukbmd.org.uk/reg/districts/norwich.html
Hellesdon,Norfolk,1837,1890,Abolished 25.3.1890 and added to the parish of Norwich.,Norwich,http://www.ukbmd.org.uk/reg/districts/norwich.html
Hellesdon,Norfolk,1991,2011,"See Table 2, notes (g) and (h).",Norwich,http://www.ukbmd.org.uk/reg/districts/norwich.html
Hellington,Norfolk,1991,2011,"See Table 2, notes (g) and (h).",Norwich,http://www.ukbmd.org.uk/reg/districts/norwich.html
Hemblington,Norfolk,1991,2011,"See Table 2, notes (g) and (h).",Norwich,http://www.ukbmd.org.uk/reg/districts/norwich.html
Hethersett,Norfolk,1991,2011,"See Table 2, notes (g) and (h).",Norwich,http://www.ukbmd.org.uk/reg/districts/norwich.html
Hevingham,Norfolk,1991,2011,"See Table 2, notes (g) and (h).",Norwich,http://www.ukbmd.org.uk/reg/districts/norwich.html
Heydon,Norfolk,1991,2011,"See Table 2, notes (g) and (h).",Norwich,http://www.ukbmd.org.uk/reg/districts/norwich.html
Hingham,Norfolk,1991,2011,"See Table 2, notes (g) and (h).",Norwich,http://www.ukbmd.org.uk/reg/districts/norwich.html
Holverston,Norfolk,1991,2011,"See Table 2, notes (g) and (h).",Norwich,http://www.ukbmd.org.uk/reg/districts/norwich.html
Honingham,Norfolk,1991,2011,"See Table 2, notes (g) and (h).",Norwich,http://www.ukbmd.org.uk/reg/districts/norwich.html
Horsford,Norfolk,1991,2011,"See Table 2, notes (g) and (h).",Norwich,http://www.ukbmd.org.uk/reg/districts/norwich.html
Horsham St. Faith & Newton St. Faith,Norfolk,1991,2011,"See Table 2, notes (g) and (h).",Norwich,http://www.ukbmd.org.uk/reg/districts/norwich.html
Horstead with Stanninghall,Norfolk,1991,2011,"See Table 2, notes (g) and (h).",Norwich,http://www.ukbmd.org.uk/reg/districts/norwich.html
Howe,Norfolk,1991,2011,"See Table 2, notes (g) and (h).",Norwich,http://www.ukbmd.org.uk/reg/districts/norwich.html
Keswick,Norfolk,1991,2007,"Renamed 7.7.2007 to become the parish of Keswick & Intwood. See 
    also Table 2, note (g).",Norwich,http://www.ukbmd.org.uk/reg/districts/norwich.html
Keswick & Intwood,Norfolk,2007,2011,"Creeated 7.7.2007 by renaming the parish of Keswick. See also 
    Table 2, note (h).",Norwich,http://www.ukbmd.org.uk/reg/districts/norwich.html
Ketteringham,Norfolk,1991,2011,"See Table 2, notes (g) and (h).",Norwich,http://www.ukbmd.org.uk/reg/districts/norwich.html
Kimberley,Norfolk,1991,2011,"See Table 2, notes (g) and (h).",Norwich,http://www.ukbmd.org.uk/reg/districts/norwich.html
Kirby Bedon,Norfolk,1991,2011,"See Table 2, notes (g) and (h).",Norwich,http://www.ukbmd.org.uk/reg/districts/norwich.html
Kirby Cane,Norfolk,1991,2011,"See Table 2, notes (g) and (h).",Norwich,http://www.ukbmd.org.uk/reg/districts/norwich.html
Kirstead,Norfolk,1991,2011,"See Table 2, notes (g) and (h).",Norwich,http://www.ukbmd.org.uk/reg/districts/norwich.html
Lakenham,Norfolk,1837,1890,Abolished 25.3.1890 and added to the parish of Norwich.,Norwich,http://www.ukbmd.org.uk/reg/districts/norwich.html
Langley with Hardley,Norfolk,1991,2011,"See Table 2, notes (g) and (h).",Norwich,http://www.ukbmd.org.uk/reg/districts/norwich.html
Lingwood & Burlingham,Norfolk,1991,2011,"See Table 2, notes (g) and (h).",Norwich,http://www.ukbmd.org.uk/reg/districts/norwich.html
Little Melton,Norfolk,1991,2011,"See Table 2, notes (g) and (h).",Norwich,http://www.ukbmd.org.uk/reg/districts/norwich.html
Little Witchingham,Norfolk,1991,2011,"See Table 2, notes (g) and (h).",Norwich,http://www.ukbmd.org.uk/reg/districts/norwich.html
Loddon,Norfolk,1991,2011,"See Table 2, notes (g) and (h).",Norwich,http://www.ukbmd.org.uk/reg/districts/norwich.html
Marlingford,Norfolk,1991,2001,"Renamed 2.8.2001 to become the parish of Marlingford & Colton. 
    See also Table 2, note (g).",Norwich,http://www.ukbmd.org.uk/reg/districts/norwich.html
Marlingford & Colton,Norfolk,2001,2011,"Created 2.8.2001 by renaming the parish of Marlingford. See 
    also Table 2, note (h).",Norwich,http://www.ukbmd.org.uk/reg/districts/norwich.html
Marsham,Norfolk,1991,2011,"See Table 2, notes (g) and (h).",Norwich,http://www.ukbmd.org.uk/reg/districts/norwich.html
Morley,Norfolk,1991,2011,"See Table 2, notes (g) and (h).",Norwich,http://www.ukbmd.org.uk/reg/districts/norwich.html
Morton on the Hill,Norfolk,1991,2011,"See Table 2, notes (g) and (h).",Norwich,http://www.ukbmd.org.uk/reg/districts/norwich.html
Mulbarton,Norfolk,1991,2011,"See Table 2, notes (g) and (h).",Norwich,http://www.ukbmd.org.uk/reg/districts/norwich.html
Mundham,Norfolk,1991,2011,"See Table 2, notes (g) and (h).",Norwich,http://www.ukbmd.org.uk/reg/districts/norwich.html
Newton Flotman,Norfolk,1991,2011,"See Table 2, notes (g) and (h).",Norwich,http://www.ukbmd.org.uk/reg/districts/norwich.html
Norton Subcourse,Norfolk,1991,2011,"See Table 2, notes (g) and (h).",Norwich,http://www.ukbmd.org.uk/reg/districts/norwich.html
Norwich,Norfolk,1890,1974,"Created 25.3.1890 from the parishes of Heigham, Lakenham, St. 
    Clement, St. Stephen, St. Peter Mountergate, St. John Sepulchre, Thorpe, St. 
    Martin at Oak, St. Paul, St. Peter Mancroft, St. Benedict, Pockthorpe, St. Julian, 
    St. Augustine, St. Michael at Thorn, St. George Colegate, St. Saviour, St. James, 
    St. Giles, St. Mary Coslany, Eaton St. Andrew, St. John Timberhill, St. Michael 
    Coslany, St. Gregory, St. George Tombland, St. Swithin, St. Andrew, St. Martin 
    at Palace, St. Edmund, St. Margaret, Hellesdon, St. Etheldred, St. Lawrence, 
    St. Peter Southgate, St. Helen, St. Mary in the Marsh, Trowse Millgate Carrow 
    and Bracondale, St. John Maddermarket, St. Peter Hungate, All Saints, St. Simon 
    & St. Jude, Town Close, Earlham and St. Michael at Plea. Abolished 1.4.1974 
    to become an unparished area. See also Table 2, notes (b) to (f).",Norwich,http://www.ukbmd.org.uk/reg/districts/norwich.html
Norwich*,Norfolk,1974,2011,"Unparished area which until 1.4.1974 formed the parish of Norwich. 
    See also Table 2, note (h).",Norwich,http://www.ukbmd.org.uk/reg/districts/norwich.html
Old Catton,Norfolk,1991,2011,"See Table 2, notes (g) and (h).",Norwich,http://www.ukbmd.org.uk/reg/districts/norwich.html
Oulton,Norfolk,1991,2011,"See Table 2, notes (g) and (h).",Norwich,http://www.ukbmd.org.uk/reg/districts/norwich.html
Pockthorpe,Norfolk,1837,1890,Abolished 25.3.1890 and added to the parish of Norwich.,Norwich,http://www.ukbmd.org.uk/reg/districts/norwich.html
Poringland,Norfolk,1991,2011,"See Table 2, notes (g) and (h).",Norwich,http://www.ukbmd.org.uk/reg/districts/norwich.html
Postwick,Norfolk,1991,1997,"Renamed 1.4.1997 to become the parish of Postwick with Witton. See 
    also Table 2, note (g).",Norwich,http://www.ukbmd.org.uk/reg/districts/norwich.html
Postwick with Witton,Norfolk,1997,2011,"Created 1.4.1997 by renaming the parish of Postwick. See also Table 2, note (h).",Norwich,http://www.ukbmd.org.uk/reg/districts/norwich.html
Rackheath,Norfolk,1991,2011,"See Table 2, notes (g) and (h).",Norwich,http://www.ukbmd.org.uk/reg/districts/norwich.html
Raveningham,Norfolk,1991,2011,"See Table 2, notes (g) and (h).",Norwich,http://www.ukbmd.org.uk/reg/districts/norwich.html
Reedham,Norfolk,1991,2011,"See Table 2, notes (g) and (h).",Norwich,http://www.ukbmd.org.uk/reg/districts/norwich.html
Reepham,Norfolk,1991,2011,"See Table 2, notes (g) and (h).",Norwich,http://www.ukbmd.org.uk/reg/districts/norwich.html
Ringland,Norfolk,1991,2011,"See Table 2, notes (g) and (h).",Norwich,http://www.ukbmd.org.uk/reg/districts/norwich.html
Rockland St. Mary,Norfolk,1991,2011,"See Table 2, notes (g) and (h).",Norwich,http://www.ukbmd.org.uk/reg/districts/norwich.html
Runhall,Norfolk,1991,2011,"See Table 2, notes (g) and (h).",Norwich,http://www.ukbmd.org.uk/reg/districts/norwich.html
Salhouse,Norfolk,1991,2011,"See Table 2, notes (g) and (h).",Norwich,http://www.ukbmd.org.uk/reg/districts/norwich.html
Sall,Norfolk,1991,1994,"Renamed 18.10.1994 to become the parish of Salle. See also Table 2, note (g).",Norwich,http://www.ukbmd.org.uk/reg/districts/norwich.html
Salle,Norfolk,1994,2011,"Created 18.10.1994 by renaming the parish of Sall. See also Table 2, note (h).",Norwich,http://www.ukbmd.org.uk/reg/districts/norwich.html
Saxlingham Nethergate,Norfolk,1991,2011,"See Table 2, notes (g) and (h).",Norwich,http://www.ukbmd.org.uk/reg/districts/norwich.html
Seething,Norfolk,1991,2011,"See Table 2, notes (g) and (h).",Norwich,http://www.ukbmd.org.uk/reg/districts/norwich.html
Shotesham,Norfolk,1991,2011,"See Table 2, notes (g) and (h).",Norwich,http://www.ukbmd.org.uk/reg/districts/norwich.html
Sisland,Norfolk,1991,2011,"See Table 2, notes (g) and (h).",Norwich,http://www.ukbmd.org.uk/reg/districts/norwich.html
South Walsham,Norfolk,1991,2011,"See Table 2, notes (g) and (h).",Norwich,http://www.ukbmd.org.uk/reg/districts/norwich.html
Spixworth,Norfolk,1991,2011,"See Table 2, notes (g) and (h).",Norwich,http://www.ukbmd.org.uk/reg/districts/norwich.html
Sprowston,Norfolk,1991,2011,"See Table 2, notes (g) and (h).",Norwich,http://www.ukbmd.org.uk/reg/districts/norwich.html
St. Andrew,Norfolk,1837,1890,Abolished 25.3.1890 and added to the parish of Norwich.,Norwich,http://www.ukbmd.org.uk/reg/districts/norwich.html
St. Augustine,Norfolk,1837,1890,Abolished 25.3.1890 and added to the parish of Norwich.,Norwich,http://www.ukbmd.org.uk/reg/districts/norwich.html
St. Benedict,Norfolk,1837,1890,Abolished 25.3.1890 and added to the parish of Norwich.,Norwich,http://www.ukbmd.org.uk/reg/districts/norwich.html
St. Clement,Norfolk,1837,1890,Abolished 25.3.1890 and added to the parish of Norwich.,Norwich,http://www.ukbmd.org.uk/reg/districts/norwich.html
St. Edmund,Norfolk,1837,1890,Abolished 25.3.1890 and added to the parish of Norwich.,Norwich,http://www.ukbmd.org.uk/reg/districts/norwich.html
St. Etheldred,Norfolk,1837,1890,Abolished 25.3.1890 and added to the parish of Norwich.,Norwich,http://www.ukbmd.org.uk/reg/districts/norwich.html
St. George Colegate,Norfolk,1837,1890,Abolished 25.3.1890 and added to the parish of Norwich.,Norwich,http://www.ukbmd.org.uk/reg/districts/norwich.html
St. George Tombland,Norfolk,1837,1890,Abolished 25.3.1890 and added to the parish of Norwich.,Norwich,http://www.ukbmd.org.uk/reg/districts/norwich.html
St. Giles,Norfolk,1837,1890,Abolished 25.3.1890 and added to the parish of Norwich.,Norwich,http://www.ukbmd.org.uk/reg/districts/norwich.html
St. Gregory,Norfolk,1837,1890,Abolished 25.3.1890 and added to the parish of Norwich.,Norwich,http://www.ukbmd.org.uk/reg/districts/norwich.html
St. Helen,Norfolk,1837,1890,Abolished 25.3.1890 and added to the parish of Norwich.,Norwich,http://www.ukbmd.org.uk/reg/districts/norwich.html
St. James,Norfolk,1837,1890,Abolished 25.3.1890 and added to the parish of Norwich.,Norwich,http://www.ukbmd.org.uk/reg/districts/norwich.html
St. John Maddermarket,Norfolk,1837,1890,Abolished 25.3.1890 and added to the parish of Norwich.,Norwich,http://www.ukbmd.org.uk/reg/districts/norwich.html
St. John Sepulchre,Norfolk,1837,1890,Abolished 25.3.1890 and added to the parish of Norwich.,Norwich,http://www.ukbmd.org.uk/reg/districts/norwich.html
St. John Timberhill,Norfolk,1837,1890,Abolished 25.3.1890 and added to the parish of Norwich.,Norwich,http://www.ukbmd.org.uk/reg/districts/norwich.html
St. Julian,Norfolk,1837,1890,Abolished 25.3.1890 and added to the parish of Norwich.,Norwich,http://www.ukbmd.org.uk/reg/districts/norwich.html
St. Lawrence,Norfolk,1837,1890,Abolished 25.3.1890 and added to the parish of Norwich.,Norwich,http://www.ukbmd.org.uk/reg/districts/norwich.html
St. Margaret,Norfolk,1837,1890,Abolished 25.3.1890 and added to the parish of Norwich.,Norwich,http://www.ukbmd.org.uk/reg/districts/norwich.html
St. Martin at Oak,Norfolk,1837,1890,Abolished 25.3.1890 and added to the parish of Norwich.,Norwich,http://www.ukbmd.org.uk/reg/districts/norwich.html
St. Martin at Palace,Norfolk,1837,1890,Abolished 25.3.1890 and added to the parish of Norwich.,Norwich,http://www.ukbmd.org.uk/reg/districts/norwich.html
St. Mary Coslany,Norfolk,1837,1890,Abolished 25.3.1890 and added to the parish of Norwich.,Norwich,http://www.ukbmd.org.uk/reg/districts/norwich.html
St. Mary in the Marsh,Norfolk,1864,1890,"Abolished 25.3.1890 and added to the parish of Norwich. See 
    also Table 2, note (a).",Norwich,http://www.ukbmd.org.uk/reg/districts/norwich.html
St. Michael at Plea,Norfolk,1837,1890,Abolished 25.3.1890 and added to the parish of Norwich.,Norwich,http://www.ukbmd.org.uk/reg/districts/norwich.html
St. Michael at Thorn,Norfolk,1837,1890,Abolished 25.3.1890 and added to the parish of Norwich.,Norwich,http://www.ukbmd.org.uk/reg/districts/norwich.html
St. Michael Coslany,Norfolk,1837,1890,Abolished 25.3.1890 and added to the parish of Norwich.,Norwich,http://www.ukbmd.org.uk/reg/districts/norwich.html
St. Paul,Norfolk,1837,1890,Abolished 25.3.1890 and added to the parish of Norwich.,Norwich,http://www.ukbmd.org.uk/reg/districts/norwich.html
St. Peter Hungate,Norfolk,1837,1890,Abolished 25.3.1890 and added to the parish of Norwich.,Norwich,http://www.ukbmd.org.uk/reg/districts/norwich.html
St. Peter Mancroft,Norfolk,1837,1890,Abolished 25.3.1890 and added to the parish of Norwich.,Norwich,http://www.ukbmd.org.uk/reg/districts/norwich.html
St. Peter Mountergate,Norfolk,1837,1890,Abolished 25.3.1890 and added to the parish of Norwich.,Norwich,http://www.ukbmd.org.uk/reg/districts/norwich.html
St. Peter Southgate,Norfolk,1837,1890,Abolished 25.3.1890 and added to the parish of Norwich.,Norwich,http://www.ukbmd.org.uk/reg/districts/norwich.html
St. Saviour,Norfolk,1837,1890,Abolished 25.3.1890 and added to the parish of Norwich.,Norwich,http://www.ukbmd.org.uk/reg/districts/norwich.html
St. Simon & St. Jude,Norfolk,1837,1890,Abolished 25.3.1890 and added to the parish of Norwich.,Norwich,http://www.ukbmd.org.uk/reg/districts/norwich.html
St. Stephen,Norfolk,1837,1890,Abolished 25.3.1890 and added to the parish of Norwich.,Norwich,http://www.ukbmd.org.uk/reg/districts/norwich.html
St. Swithin,Norfolk,1837,1890,Abolished 25.3.1890 and added to the parish of Norwich.,Norwich,http://www.ukbmd.org.uk/reg/districts/norwich.html
Stockton,Norfolk,1991,2011,"See Table 2, notes (g) and (h).",Norwich,http://www.ukbmd.org.uk/reg/districts/norwich.html
Stoke Holy Cross,Norfolk,1991,2011,"See Table 2, notes (g) and (h).",Norwich,http://www.ukbmd.org.uk/reg/districts/norwich.html
Stratton Strawless,Norfolk,1991,2011,"See Table 2, notes (g) and (h).",Norwich,http://www.ukbmd.org.uk/reg/districts/norwich.html
Strumpshaw,Norfolk,1991,2011,"See Table 2, notes (g) and (h).",Norwich,http://www.ukbmd.org.uk/reg/districts/norwich.html
Surlingham,Norfolk,1991,2011,"See Table 2, notes (g) and (h).",Norwich,http://www.ukbmd.org.uk/reg/districts/norwich.html
Swainsthorpe,Norfolk,1991,2011,"See Table 2, notes (g) and (h).",Norwich,http://www.ukbmd.org.uk/reg/districts/norwich.html
Swannington,Norfolk,1991,2011,"See Table 2, notes (g) and (h).",Norwich,http://www.ukbmd.org.uk/reg/districts/norwich.html
Swardeston,Norfolk,1991,2011,"See Table 2, notes (g) and (h).",Norwich,http://www.ukbmd.org.uk/reg/districts/norwich.html
Taverham,Norfolk,1991,2011,"See Table 2, notes (g) and (h).",Norwich,http://www.ukbmd.org.uk/reg/districts/norwich.html
Themelthorpe,Norfolk,1991,2011,"See Table 2, notes (g) and (h).",Norwich,http://www.ukbmd.org.uk/reg/districts/norwich.html
Thorpe,Norfolk,1837,1890,Abolished 25.3.1890 and added to the parish of Norwich.,Norwich,http://www.ukbmd.org.uk/reg/districts/norwich.html
Thorpe St. Andrew,Norfolk,1991,2011,"See Table 2, notes (g) and (h).",Norwich,http://www.ukbmd.org.uk/reg/districts/norwich.html
Thurlton,Norfolk,1991,2011,"See Table 2, notes (g) and (h).",Norwich,http://www.ukbmd.org.uk/reg/districts/norwich.html
Thurton,Norfolk,1991,2011,"See Table 2, notes (g) and (h).",Norwich,http://www.ukbmd.org.uk/reg/districts/norwich.html
Thwaite,Norfolk,1991,2011,"See Table 2, notes (g) and (h).",Norwich,http://www.ukbmd.org.uk/reg/districts/norwich.html
Toft Monks,Norfolk,1991,2011,"See Table 2, notes (g) and (h).",Norwich,http://www.ukbmd.org.uk/reg/districts/norwich.html
Topcroft,Norfolk,1991,2011,"See Table 2, notes (g) and (h).",Norwich,http://www.ukbmd.org.uk/reg/districts/norwich.html
Town Close,Norfolk,1837,1890,Abolished 25.3.1890 and added to the parish of Norwich.,Norwich,http://www.ukbmd.org.uk/reg/districts/norwich.html
"Trowse Millgate, Carrow & Bracondale",Norfolk,1837,1890,Abolished 25.3.1890 and added to the parish of Norwich.,Norwich,http://www.ukbmd.org.uk/reg/districts/norwich.html
Trowse with Newton,Norfolk,1991,2011,"See Table 2, notes (g) and (h).",Norwich,http://www.ukbmd.org.uk/reg/districts/norwich.html
Upton with Fishley,Norfolk,1991,2011,"See Table 2, notes (g) and (h).",Norwich,http://www.ukbmd.org.uk/reg/districts/norwich.html
Weston Longville,Norfolk,1991,2011,"See Table 2, notes (g) and (h).",Norwich,http://www.ukbmd.org.uk/reg/districts/norwich.html
Wheatacre,Norfolk,1991,2011,"See Table 2, notes (g) and (h).",Norwich,http://www.ukbmd.org.uk/reg/districts/norwich.html
Wicklewood,Norfolk,1991,2011,"See Table 2, notes (g) and (h).",Norwich,http://www.ukbmd.org.uk/reg/districts/norwich.html
Woodbastwick,Norfolk,1991,2011,"See Table 2, notes (g) and (h).",Norwich,http://www.ukbmd.org.uk/reg/districts/norwich.html
Wood Dalling,Norfolk,1991,2011,"See Table 2, notes (g) and (h).",Norwich,http://www.ukbmd.org.uk/reg/districts/norwich.html
Woodton,Norfolk,1991,2011,"See Table 2, notes (g) and (h).",Norwich,http://www.ukbmd.org.uk/reg/districts/norwich.html
Wramplingham,Norfolk,1991,2011,"See Table 2, notes (g) and (h).",Norwich,http://www.ukbmd.org.uk/reg/districts/norwich.html
Wreningham,Norfolk,1991,2011,"See Table 2, notes (g) and (h).",Norwich,http://www.ukbmd.org.uk/reg/districts/norwich.html
Wroxham,Norfolk,1991,2011,"See Table 2, notes (g) and (h).",Norwich,http://www.ukbmd.org.uk/reg/districts/norwich.html
Wymondham,Norfolk,1991,2011,"See Table 2, notes (g) and (h).",Norwich,http://www.ukbmd.org.uk/reg/districts/norwich.html
Yelverton,Norfolk,1991,2011,"See Table 2, notes (g) and (h).",Norwich,http://www.ukbmd.org.uk/reg/districts/norwich.html
