parish,county,from_year,to_year,comments,district,source_url
Ashwell,Leicestershire,1974,1995,"See Table 2, notes (b) and (d).",Rutland (1974-1995),http://www.ukbmd.org.uk/reg/districts/rutland.html
Ayston,Leicestershire,1974,1995,"See Table 2, notes (c) and (d).",Rutland (1974-1995),http://www.ukbmd.org.uk/reg/districts/rutland.html
Barleythorpe,Leicestershire,1974,1995,"See Table 2, notes (b) and (d).",Rutland (1974-1995),http://www.ukbmd.org.uk/reg/districts/rutland.html
Barrow,Leicestershire,1974,1995,"See Table 2, notes (b) and (d).",Rutland (1974-1995),http://www.ukbmd.org.uk/reg/districts/rutland.html
Barrowden,Leicestershire,1974,1995,"See Table 2, notes (c) and (d).",Rutland (1974-1995),http://www.ukbmd.org.uk/reg/districts/rutland.html
Beaumont Chase,Leicestershire,1974,1995,"See Table 2, notes (c) and (d).",Rutland (1974-1995),http://www.ukbmd.org.uk/reg/districts/rutland.html
Belton,Leicestershire,1974,1981,"Renamed 21.12.1981 to become the parish of Belton in Rutland. 
    See also Table 2, note (c).",Rutland (1974-1995),http://www.ukbmd.org.uk/reg/districts/rutland.html
Belton in Rutland,Leicestershire,1981,1995,"Created 21.12.1981 by renaming the parish of Belton. See also 
    Table 2, note (d).",Rutland (1974-1995),http://www.ukbmd.org.uk/reg/districts/rutland.html
Bisbrooke,Leicestershire,1974,1995,"See Table 2, notes (c) and (d).",Rutland (1974-1995),http://www.ukbmd.org.uk/reg/districts/rutland.html
Braunston,Leicestershire,1974,1987,"Renamed 26.10.1987 to become the parish of 
    Braunston in Rutland. See also Table 2, note (b).",Rutland (1974-1995),http://www.ukbmd.org.uk/reg/districts/rutland.html
Braunston in Rutland,Leicestershire,1987,1995,"Created 26.10.1987 to become the parish of Braunston. See also Table 2, note (d).",Rutland (1974-1995),http://www.ukbmd.org.uk/reg/districts/rutland.html
Brooke,Leicestershire,1974,1995,"See Table 2, notes (b) and (d).",Rutland (1974-1995),http://www.ukbmd.org.uk/reg/districts/rutland.html
Burley,Leicestershire,1974,1995,"See Table 2, notes (b) and (d).",Rutland (1974-1995),http://www.ukbmd.org.uk/reg/districts/rutland.html
Caldecott,Leicestershire,1974,1995,"See Table 2, notes (c) and (d).",Rutland (1974-1995),http://www.ukbmd.org.uk/reg/districts/rutland.html
Clipsham,Leicestershire,1974,1995,"See Table 2, notes (a) and (d).",Rutland (1974-1995),http://www.ukbmd.org.uk/reg/districts/rutland.html
Cottesmore,Leicestershire,1974,1995,"See Table 2, notes (b) and (d).",Rutland (1974-1995),http://www.ukbmd.org.uk/reg/districts/rutland.html
Edith Weston,Leicestershire,1974,1995,"See Table 2, notes (b) and (d).",Rutland (1974-1995),http://www.ukbmd.org.uk/reg/districts/rutland.html
Egleton,Leicestershire,1974,1995,"See Table 2, notes (b) and (d).",Rutland (1974-1995),http://www.ukbmd.org.uk/reg/districts/rutland.html
Empingham,Leicestershire,1974,1995,"See Table 2, notes (b) and (d).",Rutland (1974-1995),http://www.ukbmd.org.uk/reg/districts/rutland.html
Essendine,Leicestershire,1974,1995,"See Table 2, notes (a) and (d).",Rutland (1974-1995),http://www.ukbmd.org.uk/reg/districts/rutland.html
Exton,Leicestershire,1974,1995,"See Table 2, notes (b) and (d).",Rutland (1974-1995),http://www.ukbmd.org.uk/reg/districts/rutland.html
Glaston,Leicestershire,1974,1995,"See Table 2, notes (c) and (d).",Rutland (1974-1995),http://www.ukbmd.org.uk/reg/districts/rutland.html
Great Casterton,Leicestershire,1974,1995,"See Table 2, notes (b) and (d).",Rutland (1974-1995),http://www.ukbmd.org.uk/reg/districts/rutland.html
Greetham,Leicestershire,1974,1995,"See Table 2, notes (b) and (d).",Rutland (1974-1995),http://www.ukbmd.org.uk/reg/districts/rutland.html
Gunthorpe,Leicestershire,1974,1995,"See Table 2, notes (b) and (d).",Rutland (1974-1995),http://www.ukbmd.org.uk/reg/districts/rutland.html
Hambleton,Leicestershire,1974,1995,"See Table 2, notes (b) and (d).",Rutland (1974-1995),http://www.ukbmd.org.uk/reg/districts/rutland.html
Horn,Leicestershire,1974,1995,"See Table 2, notes (b) and (d).",Rutland (1974-1995),http://www.ukbmd.org.uk/reg/districts/rutland.html
Ketton,Leicestershire,1974,1995,"See Table 2, notes (a) and (d).",Rutland (1974-1995),http://www.ukbmd.org.uk/reg/districts/rutland.html
Langham,Leicestershire,1974,1995,"See Table 2, notes (b) and (d).",Rutland (1974-1995),http://www.ukbmd.org.uk/reg/districts/rutland.html
Leighfield,Leicestershire,1974,1995,"See Table 2, notes (b) and (d).",Rutland (1974-1995),http://www.ukbmd.org.uk/reg/districts/rutland.html
Little Casterton,Leicestershire,1974,1995,"See Table 2, notes (a) and (d).",Rutland (1974-1995),http://www.ukbmd.org.uk/reg/districts/rutland.html
Lyddington,Leicestershire,1974,1995,"See Table 2, notes (c) and (d).",Rutland (1974-1995),http://www.ukbmd.org.uk/reg/districts/rutland.html
Lyndon,Leicestershire,1974,1995,"See Table 2, notes (b) and (d).",Rutland (1974-1995),http://www.ukbmd.org.uk/reg/districts/rutland.html
Manton,Leicestershire,1974,1995,"See Table 2, notes (b) and (d).",Rutland (1974-1995),http://www.ukbmd.org.uk/reg/districts/rutland.html
Market Overton,Leicestershire,1974,1995,"See Table 2, notes (b) and (d).",Rutland (1974-1995),http://www.ukbmd.org.uk/reg/districts/rutland.html
Martinsthorpe,Leicestershire,1974,1995,"See Table 2, notes (b) and (d).",Rutland (1974-1995),http://www.ukbmd.org.uk/reg/districts/rutland.html
Morcott,Leicestershire,1974,1995,"See Table 2, notes (c) and (d).",Rutland (1974-1995),http://www.ukbmd.org.uk/reg/districts/rutland.html
Normanton,Leicestershire,1974,1995,"See Table 2, notes (b) and (d).",Rutland (1974-1995),http://www.ukbmd.org.uk/reg/districts/rutland.html
North Luffenham,Leicestershire,1974,1995,"See Table 2, notes (c) and (d).",Rutland (1974-1995),http://www.ukbmd.org.uk/reg/districts/rutland.html
Oakham,Leicestershire,1974,1995,"See Table 2, notes (b) and (d).",Rutland (1974-1995),http://www.ukbmd.org.uk/reg/districts/rutland.html
Pickworth,Leicestershire,1974,1995,"See Table 2, notes (a) and (d).",Rutland (1974-1995),http://www.ukbmd.org.uk/reg/districts/rutland.html
Pilton,Leicestershire,1974,1995,"See Table 2, notes (c) and (d).",Rutland (1974-1995),http://www.ukbmd.org.uk/reg/districts/rutland.html
Preston,Leicestershire,1974,1995,"See Table 2, notes (c) and (d).",Rutland (1974-1995),http://www.ukbmd.org.uk/reg/districts/rutland.html
Ridlington,Leicestershire,1974,1995,"See Table 2, notes (c) and (d).",Rutland (1974-1995),http://www.ukbmd.org.uk/reg/districts/rutland.html
Ryhall,Leicestershire,1974,1995,"See Table 2, notes (a) and (d).",Rutland (1974-1995),http://www.ukbmd.org.uk/reg/districts/rutland.html
Seaton,Leicestershire,1974,1995,"See Table 2, notes (c) and (d).",Rutland (1974-1995),http://www.ukbmd.org.uk/reg/districts/rutland.html
South Luffenham,Leicestershire,1974,1995,"See Table 2, notes (c) and (d).",Rutland (1974-1995),http://www.ukbmd.org.uk/reg/districts/rutland.html
Stoke Dry,Leicestershire,1974,1995,"See Table 2, notes (c) and (d).",Rutland (1974-1995),http://www.ukbmd.org.uk/reg/districts/rutland.html
Stretton,Leicestershire,1974,1995,"See Table 2, notes (b) and (d).",Rutland (1974-1995),http://www.ukbmd.org.uk/reg/districts/rutland.html
Teigh,Leicestershire,1974,1995,"See Table 2, notes (b) and (d).",Rutland (1974-1995),http://www.ukbmd.org.uk/reg/districts/rutland.html
Thistleton,Leicestershire,1974,1995,"See Table 2, notes (b) and (d).",Rutland (1974-1995),http://www.ukbmd.org.uk/reg/districts/rutland.html
Thorpe by Water,Leicestershire,1974,1995,"See Table 2, notes (c) and (d).",Rutland (1974-1995),http://www.ukbmd.org.uk/reg/districts/rutland.html
Tickencote,Leicestershire,1974,1995,"See Table 2, notes (b) and (d).",Rutland (1974-1995),http://www.ukbmd.org.uk/reg/districts/rutland.html
Tinwell,Leicestershire,1974,1995,"See Table 2, notes (a) and (d).",Rutland (1974-1995),http://www.ukbmd.org.uk/reg/districts/rutland.html
Tixover,Leicestershire,1974,1995,"See Table 2, notes (a) and (d).",Rutland (1974-1995),http://www.ukbmd.org.uk/reg/districts/rutland.html
Uppingham,Leicestershire,1974,1995,"See Table 2, notes (c) and (d).",Rutland (1974-1995),http://www.ukbmd.org.uk/reg/districts/rutland.html
Wardley,Leicestershire,1974,1995,"See Table 2, notes (c) and (d).",Rutland (1974-1995),http://www.ukbmd.org.uk/reg/districts/rutland.html
Whissendine,Leicestershire,1974,1995,"See Table 2, notes (b) and (d).",Rutland (1974-1995),http://www.ukbmd.org.uk/reg/districts/rutland.html
Whitwell,Leicestershire,1974,1995,"See Table 2, notes (b) and (d).",Rutland (1974-1995),http://www.ukbmd.org.uk/reg/districts/rutland.html
Wing,Leicestershire,1974,1995,"See Table 2, notes (c) and (d).",Rutland (1974-1995),http://www.ukbmd.org.uk/reg/districts/rutland.html
