parish,county,from_year,to_year,comments,district,source_url
Arkesden,Essex,1974,2010,"See Table 2, notes (b) and (c).",Uttlesford,http://www.ukbmd.org.uk/reg/districts/uttlesford.html
Ashdon,Essex,1974,2010,"See Table 2, notes (b) and (c).",Uttlesford,http://www.ukbmd.org.uk/reg/districts/uttlesford.html
Aythorpe Roding,Essex,1974,2010,"See Table 2, notes (a) and (c).",Uttlesford,http://www.ukbmd.org.uk/reg/districts/uttlesford.html
Barnston,Essex,1974,2010,"See Table 2, notes (a) and (c).",Uttlesford,http://www.ukbmd.org.uk/reg/districts/uttlesford.html
Berden,Essex,1974,2010,"See Table 2, notes (b) and (c).",Uttlesford,http://www.ukbmd.org.uk/reg/districts/uttlesford.html
Birchanger,Essex,1974,2010,"See Table 2, notes (b) and (c).",Uttlesford,http://www.ukbmd.org.uk/reg/districts/uttlesford.html
Broxted,Essex,1974,2010,"See Table 2, notes (a) and (c).",Uttlesford,http://www.ukbmd.org.uk/reg/districts/uttlesford.html
Chickney,Essex,1974,2010,"See Table 2, notes (a) and (c).",Uttlesford,http://www.ukbmd.org.uk/reg/districts/uttlesford.html
Chrishall,Essex,1974,2010,"See Table 2, notes (b) and (c).",Uttlesford,http://www.ukbmd.org.uk/reg/districts/uttlesford.html
Clavering,Essex,1974,2010,"See Table 2, notes (b) and (c).",Uttlesford,http://www.ukbmd.org.uk/reg/districts/uttlesford.html
Debden,Essex,1974,2010,"See Table 2, notes (b) and (c).",Uttlesford,http://www.ukbmd.org.uk/reg/districts/uttlesford.html
Elmdon,Essex,1974,2010,"See Table 2, notes (b) and (c).",Uttlesford,http://www.ukbmd.org.uk/reg/districts/uttlesford.html
Elsenham,Essex,1974,2010,"See Table 2, notes (b) and (c).",Uttlesford,http://www.ukbmd.org.uk/reg/districts/uttlesford.html
Farnham,Essex,1974,2010,"See Table 2, notes (b) and (c).",Uttlesford,http://www.ukbmd.org.uk/reg/districts/uttlesford.html
Felsted,Essex,1974,2010,"See Table 2, notes (a) and (c).",Uttlesford,http://www.ukbmd.org.uk/reg/districts/uttlesford.html
Flitch Green,Essex,2009,2010,"Created 1.4.2009 out of the parish of Little Dunmow. See also 
    Table 2, note (c).",Uttlesford,http://www.ukbmd.org.uk/reg/districts/uttlesford.html
Great Canfield,Essex,1974,2010,"See Table 2, notes (a) and (c).",Uttlesford,http://www.ukbmd.org.uk/reg/districts/uttlesford.html
Great Chesterford,Essex,1974,2010,"See Table 2, notes (b) and (c).",Uttlesford,http://www.ukbmd.org.uk/reg/districts/uttlesford.html
Great Dunmow,Essex,1974,2010,"See Table 2, notes (a) and (c).",Uttlesford,http://www.ukbmd.org.uk/reg/districts/uttlesford.html
Great Easton,Essex,1974,2010,"See Table 2, notes (a) and (c).",Uttlesford,http://www.ukbmd.org.uk/reg/districts/uttlesford.html
Great Hallingbury,Essex,1974,2010,"See Table 2, notes (a) and (c).",Uttlesford,http://www.ukbmd.org.uk/reg/districts/uttlesford.html
Great Sampford,Essex,1974,2010,"See Table 2, notes (b) and (c).",Uttlesford,http://www.ukbmd.org.uk/reg/districts/uttlesford.html
Hadstock,Essex,1974,2010,"See Table 2, notes (b) and (c).",Uttlesford,http://www.ukbmd.org.uk/reg/districts/uttlesford.html
Hatfield Broad Oak,Essex,1974,2010,"See Table 2, notes (a) and (c).",Uttlesford,http://www.ukbmd.org.uk/reg/districts/uttlesford.html
Hatfield Heath,Essex,1987,2010,"Created 1.4.1987 out of the parishes of Hatfield Broad Oak and 
    Little Hallingbury. See also Table 2, note (c).",Uttlesford,http://www.ukbmd.org.uk/reg/districts/uttlesford.html
Hempstead,Essex,1974,2010,"See Table 2, notes (b) and (c).",Uttlesford,http://www.ukbmd.org.uk/reg/districts/uttlesford.html
Henham,Essex,1974,2010,"See Table 2, notes (b) and (c).",Uttlesford,http://www.ukbmd.org.uk/reg/districts/uttlesford.html
High Easter,Essex,1974,2010,"See Table 2, notes (a) and (c).",Uttlesford,http://www.ukbmd.org.uk/reg/districts/uttlesford.html
High Roothing,Essex,1974,2010,"Created 1.4.1974 by renaming the parish of High Roding. See also 
    Table 2, notes (a) and (c).",Uttlesford,http://www.ukbmd.org.uk/reg/districts/uttlesford.html
Langley,Essex,1974,2010,"See Table 2, notes (b) and (c).",Uttlesford,http://www.ukbmd.org.uk/reg/districts/uttlesford.html
Leaden Roding,Essex,1974,2010,"See Table 2, notes (a) and (c).",Uttlesford,http://www.ukbmd.org.uk/reg/districts/uttlesford.html
Lindsell,Essex,1974,2010,"See Table 2, notes (a) and (c).",Uttlesford,http://www.ukbmd.org.uk/reg/districts/uttlesford.html
Little Bardfield,Essex,1974,2010,"See Table 2, notes (a) and (c).",Uttlesford,http://www.ukbmd.org.uk/reg/districts/uttlesford.html
Little Canfield,Essex,1974,2010,"See Table 2, notes (a) and (c).",Uttlesford,http://www.ukbmd.org.uk/reg/districts/uttlesford.html
Little Chesterford,Essex,1974,2010,"See Table 2, notes (b) and (c).",Uttlesford,http://www.ukbmd.org.uk/reg/districts/uttlesford.html
Little Dunmow,Essex,1974,2010,"See Table 2, notes (a) and (c).",Uttlesford,http://www.ukbmd.org.uk/reg/districts/uttlesford.html
Little Easton,Essex,1974,2010,"See Table 2, notes (a) and (c).",Uttlesford,http://www.ukbmd.org.uk/reg/districts/uttlesford.html
Little Hallingbury,Essex,1974,2010,"See Table 2, notes (a) and (c).",Uttlesford,http://www.ukbmd.org.uk/reg/districts/uttlesford.html
Little Sampford,Essex,1974,2010,"See Table 2, notes (b) and (c).",Uttlesford,http://www.ukbmd.org.uk/reg/districts/uttlesford.html
Littlebury,Essex,1974,2010,"See Table 2, notes (b) and (c).",Uttlesford,http://www.ukbmd.org.uk/reg/districts/uttlesford.html
Manuden,Essex,1974,2010,"See Table 2, notes (b) and (c).",Uttlesford,http://www.ukbmd.org.uk/reg/districts/uttlesford.html
Margaret Roding,Essex,1974,2010,"See Table 2, notes (a) and (c).",Uttlesford,http://www.ukbmd.org.uk/reg/districts/uttlesford.html
Newport,Essex,1974,2010,"See Table 2, notes (b) and (c).",Uttlesford,http://www.ukbmd.org.uk/reg/districts/uttlesford.html
Quendon & Rickling,Essex,1974,2010,"See Table 2, notes (b) and (c).",Uttlesford,http://www.ukbmd.org.uk/reg/districts/uttlesford.html
Radwinter,Essex,1974,2010,"See Table 2, notes (b) and (c).",Uttlesford,http://www.ukbmd.org.uk/reg/districts/uttlesford.html
Saffron Walden,Essex,1974,2010,"See Table 2, notes (b) and (c).",Uttlesford,http://www.ukbmd.org.uk/reg/districts/uttlesford.html
Sewards End,Essex,2004,2010,"Created 1.4.2004 out of the parish of Saffron Walden. See also Table 2, note (c).",Uttlesford,http://www.ukbmd.org.uk/reg/districts/uttlesford.html
Stansted Mountfitchet,Essex,1974,2010,"See Table 2, notes (b) and (c).",Uttlesford,http://www.ukbmd.org.uk/reg/districts/uttlesford.html
Stebbing,Essex,1974,2010,"See Table 2, notes (a) and (c).",Uttlesford,http://www.ukbmd.org.uk/reg/districts/uttlesford.html
Strethall,Essex,1974,2010,"See Table 2, notes (b) and (c).",Uttlesford,http://www.ukbmd.org.uk/reg/districts/uttlesford.html
Takeley,Essex,1974,2010,"See Table 2, notes (a) and (c).",Uttlesford,http://www.ukbmd.org.uk/reg/districts/uttlesford.html
Thaxted,Essex,1974,2010,"See Table 2, notes (a) and (c).",Uttlesford,http://www.ukbmd.org.uk/reg/districts/uttlesford.html
Tilty,Essex,1974,2010,"See Table 2, notes (a) and (c).",Uttlesford,http://www.ukbmd.org.uk/reg/districts/uttlesford.html
Ugley,Essex,1974,2010,"See Table 2, notes (b) and (c).",Uttlesford,http://www.ukbmd.org.uk/reg/districts/uttlesford.html
Wenden Lofts,Essex,1974,2010,"See Table 2, notes (b) and (c).",Uttlesford,http://www.ukbmd.org.uk/reg/districts/uttlesford.html
Wendens Ambo,Essex,1974,2010,"See Table 2, notes (b) and (c).",Uttlesford,http://www.ukbmd.org.uk/reg/districts/uttlesford.html
White Roothing,Essex,1974,2010,"Created 1.4.1974 by renaming the parish of White Roding. See also 
    Table 2, notes (a) and (c).",Uttlesford,http://www.ukbmd.org.uk/reg/districts/uttlesford.html
Wicken Bonhunt,Essex,1974,2010,"See Table 2, notes (b) and (c).",Uttlesford,http://www.ukbmd.org.uk/reg/districts/uttlesford.html
Widdington,Essex,1974,2010,"See Table 2, notes (b) and (c).",Uttlesford,http://www.ukbmd.org.uk/reg/districts/uttlesford.html
Wimbish,Essex,1974,2010,"See Table 2, notes (b) and (c).",Uttlesford,http://www.ukbmd.org.uk/reg/districts/uttlesford.html
